Product,Company,URL,Loop Count,Total Records
+50,ISA,https://www.alfabeta.net/precio/50.html,0,0
100% WHEY PROTEIN,Laboratorio ENA,https://www.alfabeta.net/precio/100-whey-protein.html,0,0
102 FOCUS,Laboratorio Millet,https://www.alfabeta.net/precio/102-focus.html,0,0
102 MAGNESIO,Laboratorio Millet,https://www.alfabeta.net/precio/102-magnesio.html,0,0
102 MAGNESIO CITRATO,Laboratorio Millet,https://www.alfabeta.net/precio/102-magnesio-citrato.html,0,0
102 MAGNESIO GUMMIES,Laboratorio Millet,https://www.alfabeta.net/precio/102-magnesio-gummies.html,0,0
102 MUJER,Laboratorio Millet,https://www.alfabeta.net/precio/102-mujer.html,0,0
102 PLUS,Laboratorio Millet,https://www.alfabeta.net/precio/102-plus.html,0,0
102 PLUS EFERVESCENTE,Laboratorio Millet,https://www.alfabeta.net/precio/102-plus-efervescente.html,0,0
102 SPORT BCAA,Laboratorio Millet,https://www.alfabeta.net/precio/102-sport-bcaa.html,0,0
102 VITAMINA C,Laboratorio Millet,https://www.alfabeta.net/precio/102-vitamina-c.html,0,0
3 TC,GlaxoSmithKline Biopharma,https://www.alfabeta.net/precio/3-tc.html,0,0
3 TC + AZT ELEA,Elea,https://www.alfabeta.net/precio/3-tc--azt-elea.html,0,0
3 TC COMPLEX,GlaxoSmithKline Biopharma,https://www.alfabeta.net/precio/3-tc-complex.html,0,0
4 x 4,ISA,https://www.alfabeta.net/precio/4-x-4.html,0,0
420 CBD BEAUTY,IQUISA,https://www.alfabeta.net/precio/420-cbd-beauty.html,0,0
420 CBD RELAX,IQUISA,https://www.alfabeta.net/precio/420-cbd-relax.html,0,0
420 CBD TETITA FELIZ PACK,IQUISA,https://www.alfabeta.net/precio/420-cbd-tetita-feliz-pack.html,0,0
5 FU,Cassará,https://www.alfabeta.net/precio/5-fu.html,0,0
5-ASA 1000,Domínguez,https://www.alfabeta.net/precio/5-asa-1000.html,0,0
5-ASA 2000,Domínguez,https://www.alfabeta.net/precio/5-asa-2000.html,0,0
5-ASA 400,Domínguez,https://www.alfabeta.net/precio/5-asa-400.html,0,0
5-ASA 4000,Domínguez,https://www.alfabeta.net/precio/5-asa-4000.html,0,0
5-ASA 500,Domínguez,https://www.alfabeta.net/precio/5-asa-500.html,0,0
5-ASA 800,Domínguez,https://www.alfabeta.net/precio/5-asa-800.html,0,0
5XR 1000,Ariston,https://www.alfabeta.net/precio/5xr-1000.html,0,0
5XR 500,Ariston,https://www.alfabeta.net/precio/5xr-500.html,0,0
8 HORAS,Elea,https://www.alfabeta.net/precio/8-horas.html,0,0
A-VITEL,Medipharma,https://www.alfabeta.net/precio/a-vitel.html,0,0
A-VITEL E,Medipharma,https://www.alfabeta.net/precio/a-vitel-e.html,0,0
A.H.A,Sempre Giovane,https://www.alfabeta.net/precio/aha.html,0,0
ABACAVIR ELEA,Elea,https://www.alfabeta.net/precio/abacavir-elea.html,0,0
ABACAVIR LAMIVUDINA TRB PHARMA,Trb-Pharma,https://www.alfabeta.net/precio/abacavir-lamivudina-trb-pharma.html,0,0
ABARAX,Elea,https://www.alfabeta.net/precio/abarax.html,0,0
ABAXON,Roemmers,https://www.alfabeta.net/precio/abaxon.html,0,0
ABELCET,Teva Argentina,https://www.alfabeta.net/precio/abelcet.html,0,0
ABERIC,Biotechno Pharma,https://www.alfabeta.net/precio/aberic.html,0,0
ABINTRA,B-Life,https://www.alfabeta.net/precio/abintra.html,0,0
ABIRANOVA,Celnova Argentina,https://www.alfabeta.net/precio/abiranova.html,0,0
ABIRATERON-A,Lafedar,https://www.alfabeta.net/precio/abirateron-a.html,0,0
ABIRATERONA GLENMARK,Glenmark,https://www.alfabeta.net/precio/abiraterona-glenmark.html,0,0
ABLOOM,Duncan,https://www.alfabeta.net/precio/abloom.html,0,0
ABLOOM 5,Duncan,https://www.alfabeta.net/precio/abloom-5.html,0,0
ABNOBA VISCUM FRAXINI,Filaxis Farmacéutica,https://www.alfabeta.net/precio/abnoba-viscum-fraxini.html,0,0
ABRALUX,Valuge,https://www.alfabeta.net/precio/abralux.html,0,0
ABRAXANE,Bristol,https://www.alfabeta.net/precio/abraxane.html,0,0
ABRIKAT,Eczane,https://www.alfabeta.net/precio/abrikat.html,0,0
ABRILADA,Pfizer,https://www.alfabeta.net/precio/abrilada.html,0,0
ABRYSVO,Pfizer,https://www.alfabeta.net/precio/abrysvo.html,0,0
AC QUAXA,F & F Farma,https://www.alfabeta.net/precio/ac-quaxa.html,0,0
ACALASTATERA,Jayor,https://www.alfabeta.net/precio/acalastatera.html,0,0
ACALIX,Roemmers,https://www.alfabeta.net/precio/acalix.html,0,0
ACALIX AP,Roemmers,https://www.alfabeta.net/precio/acalix-ap.html,0,0
ACALIX CRONOS,Roemmers,https://www.alfabeta.net/precio/acalix-cronos.html,0,0
ACANTEX,Siegfried,https://www.alfabeta.net/precio/acantex.html,0,0
ACCELON,Olbia Pharma,https://www.alfabeta.net/precio/accelon.html,0,0
ACCESORIOS PARA FISTULAS,Coloplast,https://www.alfabeta.net/precio/accesorios-para-fistulas.html,0,0
ACCU-CHEK ACTIVE GLUCOSA,Roche Diabetes,https://www.alfabeta.net/precio/accu-chek-active-glucosa.html,0,0
ACCU-CHEK ACTIVE KIT,Roche Diabetes,https://www.alfabeta.net/precio/accu-chek-active-kit.html,0,0
ACCU-CHEK FASTCLIX,Roche Diabetes,https://www.alfabeta.net/precio/accu-chek-fastclix.html,0,0
ACCU-CHEK FASTCLIX KIT,Roche Diabetes,https://www.alfabeta.net/precio/accu-chek-fastclix-kit.html,0,0
ACCU-CHEK FASTCLIX KIT NP,Roche Diabetes,https://www.alfabeta.net/precio/accu-chek-fastclix-kit-np.html,0,0
ACCU-CHEK GUIDE,Roche Diabetes,https://www.alfabeta.net/precio/accu-chek-guide.html,0,0
ACCU-CHEK GUIDE CONTROL,Roche Diabetes,https://www.alfabeta.net/precio/accu-chek-guide-control.html,0,0
ACCU-CHEK GUIDE KIT,Roche Diabetes,https://www.alfabeta.net/precio/accu-chek-guide-kit.html,0,0
ACCU-CHEK PERFORMA 25,Roche Diabetes,https://www.alfabeta.net/precio/accu-chek-performa-25.html,0,0
ACCU-CHEK PERFORMA 50,Roche Diabetes,https://www.alfabeta.net/precio/accu-chek-performa-50.html,0,0
ACCU-CHEK PERFORMA CONTROL,Roche Diabetes,https://www.alfabeta.net/precio/accu-chek-performa-control.html,0,0
ACCU-CHEK SOFTCLIX NEW,Roche Diabetes,https://www.alfabeta.net/precio/accu-chek-softclix-new.html,0,0
ACCU-CHEK SOFTCLIX PUNZADOR,Roche Diabetes,https://www.alfabeta.net/precio/accu-chek-softclix-punzador.html,0,0
ACEITE DE ALMENDRAS EWE,Sanitas,https://www.alfabeta.net/precio/aceite-de-almendras-ewe.html,0,0
ACEITE DE ALMENDRAS EWE CON GOTERO,Sanitas,https://www.alfabeta.net/precio/aceite-de-almendras-ewe-con-gotero.html,0,0
ACEITE DE ARGAN EWE,Sanitas,https://www.alfabeta.net/precio/aceite-de-argan-ewe.html,0,0
ACEITE DE COCO NEUTRO,San Ceferino,https://www.alfabeta.net/precio/aceite-de-coco-neutro.html,0,0
ACEITE DE JOJOBA EWE,Sanitas,https://www.alfabeta.net/precio/aceite-de-jojoba-ewe.html,0,0
ACEITE DE KRILL,Innovapharma,https://www.alfabeta.net/precio/aceite-de-krill.html,0,0
ACEITE DE LAVANDA EWE,Sanitas,https://www.alfabeta.net/precio/aceite-de-lavanda-ewe.html,0,0
ACEITE DE LORENZO,AMN,https://www.alfabeta.net/precio/aceite-de-lorenzo.html,0,0
ACEITE DE OREGANO,Provefarma,https://www.alfabeta.net/precio/aceite-de-oregano.html,0,0
ACEITE DE PESCADO 1000,Provefarma,https://www.alfabeta.net/precio/aceite-de-pescado-1000.html,0,0
ACEITE DE PESCADO GARDEN HOUSE,Garden House Argentina,https://www.alfabeta.net/precio/aceite-de-pescado-garden-house.html,0,0
ACEITE DE PESCADO OMEGANAT,Provefarma,https://www.alfabeta.net/precio/aceite-de-pescado-omeganat.html,0,0
ACEITE DE RICINO EWE,Sanitas,https://www.alfabeta.net/precio/aceite-de-ricino-ewe.html,0,0
ACEITE DE TEA TREE OIL EWE,Sanitas,https://www.alfabeta.net/precio/aceite-de-tea-tree-oil-ewe.html,0,0
ACEITE ESMERALDA MOONE,Laboratorio Dicofar,https://www.alfabeta.net/precio/aceite-esmeralda-moone.html,0,0
ACEMUK,Siegfried,https://www.alfabeta.net/precio/acemuk.html,0,0
ACEMUK BIOTIC,Siegfried,https://www.alfabeta.net/precio/acemuk-biotic.html,0,0
ACEMUK BIOTIC DUO,Siegfried,https://www.alfabeta.net/precio/acemuk-biotic-duo.html,0,0
ACEMUK DIA Y NOCHE,Siegfried,https://www.alfabeta.net/precio/acemuk-dia-y-noche.html,0,0
ACEMUK GRIP,Siegfried,https://www.alfabeta.net/precio/acemuk-grip.html,0,0
ACEMUK JARABE,Siegfried,https://www.alfabeta.net/precio/acemuk-jarabe.html,0,0
ACEMUK L,Siegfried,https://www.alfabeta.net/precio/acemuk-l.html,0,0
ACENOCOUMAROL ROSPAW,Rospaw,https://www.alfabeta.net/precio/acenocoumarol-rospaw.html,0,0
ACERPES,Siegfried,https://www.alfabeta.net/precio/acerpes.html,0,0
ACETA,Novoplos,https://www.alfabeta.net/precio/aceta.html,0,0
ACETILCISTEINA TEVA,Teva Argentina,https://www.alfabeta.net/precio/acetilcisteina-teva.html,0,0
ACI-TIP,Siegfried,https://www.alfabeta.net/precio/aci-tip.html,0,0
ACICLOVIR GEMEPE,Gemepe,https://www.alfabeta.net/precio/aciclovir-gemepe.html,0,0
ACICLOVIR PHARMAVIAL 500,IBC,https://www.alfabeta.net/precio/aciclovir-pharmavial-500.html,0,0
ACIDO AMINOCAPROICO DRAWER,Drawer,https://www.alfabeta.net/precio/acido-aminocaproico-drawer.html,0,0
ACIDO FOLICO,A.M. Farma Activ,https://www.alfabeta.net/precio/acido-folico.html,0,0
ACIDO FOLICO RICHMOND,Richmond,https://www.alfabeta.net/precio/acido-folico-richmond.html,0,0
ACIDO FOLICO VANNIER,Vannier,https://www.alfabeta.net/precio/acido-folico-vannier.html,0,0
ACIDO HIALURONICO,Provefarma,https://www.alfabeta.net/precio/acido-hialuronico.html,0,0
ACIDO HIALURONICO VITAMIN WAY,Pharmamerican S.R.L.,https://www.alfabeta.net/precio/acido-hialuronico-vitamin-way.html,0,0
ACIDO ZOLEDRONICO IMA,IMA,https://www.alfabeta.net/precio/acido-zoledronico-ima.html,0,0
ACIDO ZOLEDRONICO MICROSULES,Microsules Arg.,https://www.alfabeta.net/precio/acido-zoledronico-microsules.html,0,0
ACIDO ZOLEDRONICO RICHET,Richet,https://www.alfabeta.net/precio/acido-zoledronico-richet.html,0,0
ACIFOL,Domínguez,https://www.alfabeta.net/precio/acifol.html,0,0
ACIFOL 10,Domínguez,https://www.alfabeta.net/precio/acifol-10.html,0,0
ACIFOL 5,Domínguez,https://www.alfabeta.net/precio/acifol-5.html,0,0
ACIFOL B12,Domínguez,https://www.alfabeta.net/precio/acifol-b12.html,0,0
ACIFOL FE,Domínguez,https://www.alfabeta.net/precio/acifol-fe.html,0,0
ACIFOL GOTAS,Domínguez,https://www.alfabeta.net/precio/acifol-gotas.html,0,0
ACIFUSIN,Andrómaco,https://www.alfabeta.net/precio/acifusin.html,0,0
ACIFUSIN B,Andrómaco,https://www.alfabeta.net/precio/acifusin-b.html,0,0
ACILAC OMEGA 3-6,Novoplos,https://www.alfabeta.net/precio/acilac-omega-3-6.html,0,0
ACIMED,Lepetit,https://www.alfabeta.net/precio/acimed.html,0,0
ACIMED,Medisol,https://www.alfabeta.net/precio/acimed.html,0,0
ACIMED F,Sanitas,https://www.alfabeta.net/precio/acimed-f.html,0,0
ACIMED L,Lepetit,https://www.alfabeta.net/precio/acimed-l.html,0,0
ACIPOUN ORAL,Medipharma,https://www.alfabeta.net/precio/acipoun-oral.html,0,0
ACIVAL,Géminis Farmacéutica,https://www.alfabeta.net/precio/acival.html,0,0
ACLASTA,Biosidus S.A.U.,https://www.alfabeta.net/precio/aclasta.html,0,0
ACLER,Pharmatrix,https://www.alfabeta.net/precio/acler.html,0,0
ACLOSAN,Eurofarma,https://www.alfabeta.net/precio/aclosan.html,0,0
ACLOXIGENAC,Eczane,https://www.alfabeta.net/precio/acloxigenac.html,0,0
ACLOXIGENAC LP,Eczane,https://www.alfabeta.net/precio/acloxigenac-lp.html,0,0
ACLOXIGENAC PLUS,Eczane,https://www.alfabeta.net/precio/acloxigenac-plus.html,0,0
ACLUSIN,Casasco,https://www.alfabeta.net/precio/aclusin.html,0,0
ACNECLIN,Siegfried,https://www.alfabeta.net/precio/acneclin.html,0,0
ACNECLIN 100 AP,Siegfried,https://www.alfabeta.net/precio/acneclin-100-ap.html,0,0
ACNECLIN PBA,Siegfried,https://www.alfabeta.net/precio/acneclin-pba.html,0,0
ACNEIQUE,Cepage,https://www.alfabeta.net/precio/acneique.html,0,0
ACNEIQUE EXFOLIANT,Cepage,https://www.alfabeta.net/precio/acneique-exfoliant.html,0,0
ACNEIQUE GEL,Cepage,https://www.alfabeta.net/precio/acneique-gel.html,0,0
ACNEIQUE H2O,Cepage,https://www.alfabeta.net/precio/acneique-h2o.html,0,0
ACNEIQUE MAT,Cepage,https://www.alfabeta.net/precio/acneique-mat.html,0,0
ACNEIQUE SERUM,Cepage,https://www.alfabeta.net/precio/acneique-serum.html,0,0
ACNESAN,Fortbenton,https://www.alfabeta.net/precio/acnesan.html,0,0
ACNESAN DRY STICK,Fortbenton,https://www.alfabeta.net/precio/acnesan-dry-stick.html,0,0
ACNETROL,Lagos,https://www.alfabeta.net/precio/acnetrol.html,0,0
ACNOXIN,Andrómaco,https://www.alfabeta.net/precio/acnoxin.html,0,0
ACPAN,Gray,https://www.alfabeta.net/precio/acpan.html,0,0
ACROSS BAP,Novarum Pharma,https://www.alfabeta.net/precio/across-bap.html,0,0
ACROSS BID,Novarum Pharma,https://www.alfabeta.net/precio/across-bid.html,0,0
ACROSS BIDC,Novarum Pharma,https://www.alfabeta.net/precio/across-bidc.html,0,0
ACROSS ENERGY,Novarum Pharma,https://www.alfabeta.net/precio/across-energy.html,0,0
ACROSS GEL DEPORTIVO,Novarum Pharma,https://www.alfabeta.net/precio/across-gel-deportivo.html,0,0
ACROSS GEL DEPORTIVO C/CAFEINA,Novarum Pharma,https://www.alfabeta.net/precio/across-gel-deportivo-ccafeina.html,0,0
ACROSS LEUCINE,Novarum Pharma,https://www.alfabeta.net/precio/across-leucine.html,0,0
ACROSS SABA,Novarum Pharma,https://www.alfabeta.net/precio/across-saba.html,0,0
ACROSS SM,Novarum Pharma,https://www.alfabeta.net/precio/across-sm.html,0,0
ACROSS SMC,Novarum Pharma,https://www.alfabeta.net/precio/across-smc.html,0,0
ACROSS SP,Novarum Pharma,https://www.alfabeta.net/precio/across-sp.html,0,0
ACROSS SPBAC,Novarum Pharma,https://www.alfabeta.net/precio/across-spbac.html,0,0
ACROSS SPC,Novarum Pharma,https://www.alfabeta.net/precio/across-spc.html,0,0
ACROSS SR,Novarum Pharma,https://www.alfabeta.net/precio/across-sr.html,0,0
ACROSS SRC,Novarum Pharma,https://www.alfabeta.net/precio/across-src.html,0,0
ACRYLARM,Poen,https://www.alfabeta.net/precio/acrylarm.html,0,0
ACRYLARM PLUS,Poen,https://www.alfabeta.net/precio/acrylarm-plus.html,0,0
ACTEMIN,Lazar,https://www.alfabeta.net/precio/actemin.html,0,0
ACTEMRA,Roche,https://www.alfabeta.net/precio/actemra.html,0,0
ACTEMRA SC,Roche,https://www.alfabeta.net/precio/actemra-sc.html,0,0
ACTIFEDRIN NASAL,Siegfried,https://www.alfabeta.net/precio/actifedrin-nasal.html,0,0
ACTILUZOL,Bioprofarma Bagó,https://www.alfabeta.net/precio/actiluzol.html,0,0
ACTILYSE,Boehringer Ingelheim,https://www.alfabeta.net/precio/actilyse.html,0,0
ACTIMAX,Siegfried,https://www.alfabeta.net/precio/actimax.html,0,0
ACTIMIB,Filaxis Farmacéutica,https://www.alfabeta.net/precio/actimib.html,0,0
ACTINERVAL,Bagó,https://www.alfabeta.net/precio/actinerval.html,0,0
ACTIRELAX,Northia,https://www.alfabeta.net/precio/actirelax.html,0,0
ACTIRELAX NORTHIA,Northia,https://www.alfabeta.net/precio/actirelax-northia.html,0,0
ACTISON,Eurofarma,https://www.alfabeta.net/precio/actison.html,0,0
ACTIUM,Monserrat,https://www.alfabeta.net/precio/actium.html,0,0
ACTIVAMENT 5HTP,Framingham Pharma,https://www.alfabeta.net/precio/activament-5htp.html,0,0
ACTIVIL,Casasco,https://www.alfabeta.net/precio/activil.html,0,0
ACTIVIL MASTICABLE,Casasco,https://www.alfabeta.net/precio/activil-masticable.html,0,0
ACTOBIAN,Savant Generic,https://www.alfabeta.net/precio/actobian.html,0,0
ACTRON,Bayer Consumer,https://www.alfabeta.net/precio/actron.html,0,0
ACTRON 400 RAPIDA ACCION NF,Bayer Consumer,https://www.alfabeta.net/precio/actron-400-rapida-accion-nf.html,0,0
ACTRON 600 RAPIDA ACCION,Bayer Consumer,https://www.alfabeta.net/precio/actron-600-rapida-accion.html,0,0
ACTRON 600 RAPIDA ACCION NUEVA FORMULA,Bayer Consumer,https://www.alfabeta.net/precio/actron-600-rapida-accion-nueva-formula.html,0,0
ACTRON FLEX,Bayer Consumer,https://www.alfabeta.net/precio/actron-flex.html,0,0
ACTRON GEL,Bayer Consumer,https://www.alfabeta.net/precio/actron-gel.html,0,0
ACTRON MIGRA,Bayer Consumer,https://www.alfabeta.net/precio/actron-migra.html,0,0
ACTRON MUJER RAPIDA ACCION,Bayer Consumer,https://www.alfabeta.net/precio/actron-mujer-rapida-accion.html,0,0
ACTRON PEDIATRICO,Bayer Consumer,https://www.alfabeta.net/precio/actron-pediatrico.html,0,0
ACTRON PEDIATRICO 4%,Bayer Consumer,https://www.alfabeta.net/precio/actron-pediatrico-4.html,0,0
ACTRON PLUS,Bayer Consumer,https://www.alfabeta.net/precio/actron-plus.html,0,0
ACTRON RAPIDA ACCION NF,Bayer Consumer,https://www.alfabeta.net/precio/actron-rapida-accion-nf.html,0,0
ACTUAL,Bagó,https://www.alfabeta.net/precio/actual.html,0,0
ACULAR,Abbvie,https://www.alfabeta.net/precio/acular.html,0,0
ACULAR LS,Abbvie,https://www.alfabeta.net/precio/acular-ls.html,0,0
ACUS,Roemmers,https://www.alfabeta.net/precio/acus.html,0,0
ADACEL,Sanofi Health Argentina S.A.,https://www.alfabeta.net/precio/adacel.html,0,0
ADAPNE,Oxapharma,https://www.alfabeta.net/precio/adapne.html,0,0
ADAPNE DUO,Oxapharma,https://www.alfabeta.net/precio/adapne-duo.html,0,0
ADAPNE DUO FORTE,Oxapharma,https://www.alfabeta.net/precio/adapne-duo-forte.html,0,0
ADCETRIS,Takeda Argentina S.A.,https://www.alfabeta.net/precio/adcetris.html,0,0
ADDENTA,Richmond,https://www.alfabeta.net/precio/addenta.html,0,0
ADECONCE,Lafedar,https://www.alfabeta.net/precio/adeconce.html,0,0
ADEENE DRAWER,Drawer,https://www.alfabeta.net/precio/adeene-drawer.html,0,0
ADELGAFRUTA BATIDO SACIANTE,Pharmamerican S.R.L.,https://www.alfabeta.net/precio/adelgafruta-batido-saciante.html,0,0
ADELGAR SILUETA A.M.,A.M. Farma Activ,https://www.alfabeta.net/precio/adelgar-silueta-am.html,0,0
ADELGAZA-T,San Ceferino,https://www.alfabeta.net/precio/adelgaza-t.html,0,0
ADEMPAS,Bayer (PH),https://www.alfabeta.net/precio/adempas.html,0,0
ADENIL,Austral,https://www.alfabeta.net/precio/adenil.html,0,0
ADENOSINA BIOL,Biol,https://www.alfabeta.net/precio/adenosina-biol.html,0,0
ADENOSINA GEMEPE,Gemepe,https://www.alfabeta.net/precio/adenosina-gemepe.html,0,0
ADENOSINA GOBBI,Gobbi,https://www.alfabeta.net/precio/adenosina-gobbi.html,0,0
ADERMICINA,Elea,https://www.alfabeta.net/precio/adermicina.html,0,0
ADERMICINA A,Elea,https://www.alfabeta.net/precio/adermicina-a.html,0,0
ADERMICINA A 2X1,Elea,https://www.alfabeta.net/precio/adermicina-a-2x1.html,0,0
ADERMICINA AE,Elea,https://www.alfabeta.net/precio/adermicina-ae.html,0,0
ADERMICINA ANTI ACNE,Elea,https://www.alfabeta.net/precio/adermicina-anti-acne.html,0,0
ADERMICINA CUIDADO FACIAL,Elea,https://www.alfabeta.net/precio/adermicina-cuidado-facial.html,0,0
ADERMICINA JABON,Elea,https://www.alfabeta.net/precio/adermicina-jabon.html,0,0
ADERMITRIN,Laboratorio Merlino,https://www.alfabeta.net/precio/adermitrin.html,0,0
ADEROGYL,Laboratorio Millet,https://www.alfabeta.net/precio/aderogyl.html,0,0
ADESIAL,Savant Generic,https://www.alfabeta.net/precio/adesial.html,0,0
ADEVIT,Química Luar,https://www.alfabeta.net/precio/adevit.html,0,0
ADHESOL BIOL,Biol,https://www.alfabeta.net/precio/adhesol-biol.html,0,0
ADIKAN,Rossmore Pharma,https://www.alfabeta.net/precio/adikan.html,0,0
ADITIVOS PARENTERALES,Rivero,https://www.alfabeta.net/precio/aditivos-parenterales.html,0,0
ADIUVAN,Lazar,https://www.alfabeta.net/precio/adiuvan.html,0,0
ADIUVAN MET,Lazar,https://www.alfabeta.net/precio/adiuvan-met.html,0,0
ADRENALINA BIOL,Biol,https://www.alfabeta.net/precio/adrenalina-biol.html,0,0
ADRENALINA BIOQUIM,Duncan,https://www.alfabeta.net/precio/adrenalina-bioquim.html,0,0
ADRENALINA DRAWER,Drawer,https://www.alfabeta.net/precio/adrenalina-drawer.html,0,0
ADRENALINA LARJAN,Veinfar,https://www.alfabeta.net/precio/adrenalina-larjan.html,0,0
ADRENOL,Fabra,https://www.alfabeta.net/precio/adrenol.html,0,0
ADRENOL FORTE,Fabra,https://www.alfabeta.net/precio/adrenol-forte.html,0,0
ADROMUX,Ariston,https://www.alfabeta.net/precio/adromux.html,0,0
ADVATE,Takeda Argentina S.A.,https://www.alfabeta.net/precio/advate.html,0,0
ADYARD,Microsules Arg.,https://www.alfabeta.net/precio/adyard.html,0,0
ADYNOVATE 1000 BAXJECT III,Takeda Argentina S.A.,https://www.alfabeta.net/precio/adynovate-1000-baxject-iii.html,0,0
ADYNOVATE 1500 BAXJECT III,Takeda Argentina S.A.,https://www.alfabeta.net/precio/adynovate-1500-baxject-iii.html,0,0
ADYNOVATE 3000 BAXJECT III,Takeda Argentina S.A.,https://www.alfabeta.net/precio/adynovate-3000-baxject-iii.html,0,0
ADYNOVATE 500 BAXJECT III,Takeda Argentina S.A.,https://www.alfabeta.net/precio/adynovate-500-baxject-iii.html,0,0
AERIUS,Organon Arg.,https://www.alfabeta.net/precio/aerius.html,0,0
AEROCAMARA AEROCHAMBER,Silfab,https://www.alfabeta.net/precio/aerocamara-aerochamber.html,0,0
AEROCAMARA AEROSPACER ADULTO,Patejim,https://www.alfabeta.net/precio/aerocamara-aerospacer-adulto.html,0,0
AEROCAMARA AEROSPACER INFANTIL,Patejim,https://www.alfabeta.net/precio/aerocamara-aerospacer-infantil.html,0,0
AEROCAMARA AEROSPACER JUVENIL,Patejim,https://www.alfabeta.net/precio/aerocamara-aerospacer-juvenil.html,0,0
AEROCAMARA AEROSPACER LACTANTE,Patejim,https://www.alfabeta.net/precio/aerocamara-aerospacer-lactante.html,0,0
AEROCAMARA AEROSPACER TRAQUEOTOMIA,Patejim,https://www.alfabeta.net/precio/aerocamara-aerospacer-traqueotomia.html,0,0
AEROCAMARA MAXAIR ADULTO,Biofactor,https://www.alfabeta.net/precio/aerocamara-maxair-adulto.html,0,0
AEROCAMARA MAXAIR PEDIATRICA,Biofactor,https://www.alfabeta.net/precio/aerocamara-maxair-pediatrica.html,0,0
AEROGAL,Megalabs Argentina,https://www.alfabeta.net/precio/aerogal.html,0,0
AEROLEP,Austral,https://www.alfabeta.net/precio/aerolep.html,0,0
AEROMED CASSARA,Cassará,https://www.alfabeta.net/precio/aeromed-cassara.html,0,0
AEROPAFF AEROCAMARA VALVULADA,Patejim,https://www.alfabeta.net/precio/aeropaff-aerocamara-valvulada.html,0,0
AEROPIEL,Biosintex Retail,https://www.alfabeta.net/precio/aeropiel.html,0,0
AEROSPACER PACK,Patejim,https://www.alfabeta.net/precio/aerospacer-pack.html,0,0
AEROTINA,Adium,https://www.alfabeta.net/precio/aerotina.html,0,0
AEROTINA JARABE PEDIATRICO C/DOSIFICADOR,Adium,https://www.alfabeta.net/precio/aerotina-jarabe-pediatrico-cdosificador.html,0,0
AEROTINA RAPIDA ACCION,Adium,https://www.alfabeta.net/precio/aerotina-rapida-accion.html,0,0
AEROTROP,Cassará,https://www.alfabeta.net/precio/aerotrop.html,0,0
AEROTROP NEBU,Medisol,https://www.alfabeta.net/precio/aerotrop-nebu.html,0,0
AEROVENT,Medisol,https://www.alfabeta.net/precio/aerovent.html,0,0
AEROVENT E,Medisol,https://www.alfabeta.net/precio/aerovent-e.html,0,0
AEROVIA ATLAS,Lab Internacional Argentino,https://www.alfabeta.net/precio/aerovia-atlas.html,0,0
AEROVIAL HFA,Lab Internacional Argentino,https://www.alfabeta.net/precio/aerovial-hfa.html,0,0
AEROXINA,Elea,https://www.alfabeta.net/precio/aeroxina.html,0,0
AEROXINA U.D.,Elea,https://www.alfabeta.net/precio/aeroxina-ud.html,0,0
AESIM 200,Austral,https://www.alfabeta.net/precio/aesim-200.html,0,0
AET,Craveri,https://www.alfabeta.net/precio/aet.html,0,0
AFATIXANE,Eczane,https://www.alfabeta.net/precio/afatixane.html,0,0
AFEME,Cetus,https://www.alfabeta.net/precio/afeme.html,0,0
AFENEXIL,Temis-Lostaló,https://www.alfabeta.net/precio/afenexil.html,0,0
AFIANCEN,Eurofarma,https://www.alfabeta.net/precio/afiancen.html,0,0
AFINITOR,Novartis,https://www.alfabeta.net/precio/afinitor.html,0,0
AFLIMET,Biotechno Pharma,https://www.alfabeta.net/precio/aflimet.html,0,0
AFLURIA QUAD,Seqirus,https://www.alfabeta.net/precio/afluria-quad.html,0,0
AFLURIA QUAD JUNIOR,Seqirus,https://www.alfabeta.net/precio/afluria-quad-junior.html,0,0
AFLUSAN,Domínguez,https://www.alfabeta.net/precio/aflusan.html,0,0
AFONISAN,Megalabs Argentina,https://www.alfabeta.net/precio/afonisan.html,0,0
AFSTYLA,CSL Behring,https://www.alfabeta.net/precio/afstyla.html,0,0
AFTALESS FILM BIOADHESIVO,Grimberg,https://www.alfabeta.net/precio/aftaless-film-bioadhesivo.html,0,0
AFTER SUN EFECTO INMEDIATO,Isdin,https://www.alfabeta.net/precio/after-sun-efecto-inmediato.html,0,0
AG-B 10,Cassará,https://www.alfabeta.net/precio/ag-b-10.html,0,0
AG-B 20,Cassará,https://www.alfabeta.net/precio/ag-b-20.html,0,0
AGACEL,Tuteur,https://www.alfabeta.net/precio/agacel.html,0,0
AGALZYME,Biosidus S.A.U.,https://www.alfabeta.net/precio/agalzyme.html,0,0
AGAROL,Elea,https://www.alfabeta.net/precio/agarol.html,0,0
AGAROL CHICLE,Elea,https://www.alfabeta.net/precio/agarol-chicle.html,0,0
AGAROL GELCAPS,Elea,https://www.alfabeta.net/precio/agarol-gelcaps.html,0,0
AGAROL PUR PURIFICADOR,Elea,https://www.alfabeta.net/precio/agarol-pur-purificador.html,0,0
AGAROMBA ENERGIA,Provefarma,https://www.alfabeta.net/precio/agaromba-energia.html,0,0
AGIAL,Natufarma,https://www.alfabeta.net/precio/agial.html,0,0
AGIAL FORMULA CON CURCUMA,Natufarma,https://www.alfabeta.net/precio/agial-formula-con-curcuma.html,0,0
AGIOLAX,Elea,https://www.alfabeta.net/precio/agiolax.html,0,0
AGIRAX,Montpellier,https://www.alfabeta.net/precio/agirax.html,0,0
AGLIPTIN,Roemmers,https://www.alfabeta.net/precio/agliptin.html,0,0
AGLIPTIN MET,Roemmers,https://www.alfabeta.net/precio/agliptin-met.html,0,0
AGLUCIDE MR 60,Beta,https://www.alfabeta.net/precio/aglucide-mr-60.html,0,0
AGRASTAT,Aspen Pharma,https://www.alfabeta.net/precio/agrastat.html,0,0
AGRELID,Ariston,https://www.alfabeta.net/precio/agrelid.html,0,0
AGRIPPAL S1,Seqirus,https://www.alfabeta.net/precio/agrippal-s1.html,0,0
AGUA BIDESTILADA UNC,Hemoderivados,https://www.alfabeta.net/precio/agua-bidestilada-unc.html,0,0
AGUA DE LAGOS,Lagos,https://www.alfabeta.net/precio/agua-de-lagos.html,0,0
AGUA DESTILADA,Klonal,https://www.alfabeta.net/precio/agua-destilada.html,0,0
AGUA DESTILADA,Veinfar,https://www.alfabeta.net/precio/agua-destilada.html,0,0
AGUA DESTILADA BOLSA SIMPLE,Jayor,https://www.alfabeta.net/precio/agua-destilada-bolsa-simple.html,0,0
AGUA DESTILADA DRAWER,Drawer,https://www.alfabeta.net/precio/agua-destilada-drawer.html,0,0
AGUA DESTILADA ESTERILIZADA RIGECIN,Rigecin,https://www.alfabeta.net/precio/agua-destilada-esterilizada-rigecin.html,0,0
AGUA DESTILADA GEMEPE,Gemepe,https://www.alfabeta.net/precio/agua-destilada-gemepe.html,0,0
AGUA DESTILADA INYECTABLE BINA PHARMA,Bina Pharma S.A.,https://www.alfabeta.net/precio/agua-destilada-inyectable-bina-pharma.html,0,0
AGUA DESTILADA INYECTABLE JAYOR,Jayor,https://www.alfabeta.net/precio/agua-destilada-inyectable-jayor.html,0,0
AGUA DESTILADA INYECTABLE SIST.CERRADO EP,B. Braun,https://www.alfabeta.net/precio/agua-destilada-inyectable-sistcerrado-ep.html,0,0
AGUA DESTILADA NORTHIA,Northia,https://www.alfabeta.net/precio/agua-destilada-northia.html,0,0
AGUA ESTERIL PARA INYECTABLES,Laboratorios Tecsolpar,https://www.alfabeta.net/precio/agua-esteril-para-inyectables.html,0,0
AGUA INYECTABLE BP,B. Braun,https://www.alfabeta.net/precio/agua-inyectable-bp.html,0,0
AGUA PARA INYECTABLE CELTYC,Celtyc,https://www.alfabeta.net/precio/agua-para-inyectable-celtyc.html,0,0
AGUCORT,LKM,https://www.alfabeta.net/precio/agucort.html,0,0
AGUJAS ACCU-FINE,Roche Diabetes,https://www.alfabeta.net/precio/agujas-accu-fine.html,0,0
AGUJAS BD ULTRAFINE 4MM 32G (EF),Celnova Argentina,https://www.alfabeta.net/precio/agujas-bd-ultrafine-4mm-32g-ef.html,0,0
AGUJAS BD ULTRAFINE 5MM 31G,Celnova Argentina,https://www.alfabeta.net/precio/agujas-bd-ultrafine-5mm-31g.html,0,0
AGUJAS BD ULTRAFINE 8MM 31G,Celnova Argentina,https://www.alfabeta.net/precio/agujas-bd-ultrafine-8mm-31g.html,0,0
AGUJAS NOVOFINE 30 G,Novo Nordisk,https://www.alfabeta.net/precio/agujas-novofine-30-g.html,0,0
AGUJAS NOVOFINE 32 G,Novo Nordisk,https://www.alfabeta.net/precio/agujas-novofine-32-g.html,0,0
AGUJAS NOVOFINE 32 G TIP,Novo Nordisk,https://www.alfabeta.net/precio/agujas-novofine-32-g-tip.html,0,0
AIMAFIX,Biofactor,https://www.alfabeta.net/precio/aimafix.html,0,0
AIMOVIG,Novartis,https://www.alfabeta.net/precio/aimovig.html,0,0
AIRBUDE ADULTOS HFA,Biofactor,https://www.alfabeta.net/precio/airbude-adultos-hfa.html,0,0
AIRBUDE INFANTIL HFA,Biofactor,https://www.alfabeta.net/precio/airbude-infantil-hfa.html,0,0
AIRBUDE INFANTIL HFA + MAXAIR PED,Biofactor,https://www.alfabeta.net/precio/airbude-infantil-hfa--maxair-ped.html,0,0
AIRCOSALM,Lab Internacional Argentino,https://www.alfabeta.net/precio/aircosalm.html,0,0
AIRCOSALM HFA,Lab Internacional Argentino,https://www.alfabeta.net/precio/aircosalm-hfa.html,0,0
AIREAL 10,Siegfried,https://www.alfabeta.net/precio/aireal-10.html,0,0
AIREAL 4,Siegfried,https://www.alfabeta.net/precio/aireal-4.html,0,0
AIREAL 5,Siegfried,https://www.alfabeta.net/precio/aireal-5.html,0,0
AIREAL PLUS,Siegfried,https://www.alfabeta.net/precio/aireal-plus.html,0,0
AIRSALBU,Biofactor,https://www.alfabeta.net/precio/airsalbu.html,0,0
AIRSALBU HFA,Biofactor,https://www.alfabeta.net/precio/airsalbu-hfa.html,0,0
AJO 1000,Provefarma,https://www.alfabeta.net/precio/ajo-1000.html,0,0
AJO 1000+C GARDEN HOUSE,Garden House Argentina,https://www.alfabeta.net/precio/ajo-1000c-garden-house.html,0,0
AJO MAS VITAMINA C,Lafarmen,https://www.alfabeta.net/precio/ajo-mas-vitamina-c.html,0,0
AJO NEGRO,Provefarma,https://www.alfabeta.net/precio/ajo-negro.html,0,0
AJO VITAL,A.M. Farma Activ,https://www.alfabeta.net/precio/ajo-vital.html,0,0
AJOLIP,Natufarma,https://www.alfabeta.net/precio/ajolip.html,0,0
AJOMAST,Monserrat,https://www.alfabeta.net/precio/ajomast.html,0,0
AJOVY,Teva Argentina,https://www.alfabeta.net/precio/ajovy.html,0,0
AKINETON,Bagó,https://www.alfabeta.net/precio/akineton.html,0,0
AKITROPIO,Kilab,https://www.alfabeta.net/precio/akitropio.html,0,0
AKLIEF,Galderma,https://www.alfabeta.net/precio/aklief.html,0,0
AKYNZEO,LKM,https://www.alfabeta.net/precio/akynzeo.html,0,0
ALACIR,Megalabs Argentina,https://www.alfabeta.net/precio/alacir.html,0,0
ALAGIN DUO,Casasco,https://www.alfabeta.net/precio/alagin-duo.html,0,0
ALAMUR,Tuteur,https://www.alfabeta.net/precio/alamur.html,0,0
ALAPIDIUM,Everex,https://www.alfabeta.net/precio/alapidium.html,0,0
ALBICAR,Casasco,https://www.alfabeta.net/precio/albicar.html,0,0
ALBUMINA SERICA,Hemoderivados,https://www.alfabeta.net/precio/albumina-serica.html,0,0
ALBUNORM,Infinity Pharma,https://www.alfabeta.net/precio/albunorm.html,0,0
ALBUREX,CSL Behring,https://www.alfabeta.net/precio/alburex.html,0,0
ALCAF,Elea,https://www.alfabeta.net/precio/alcaf.html,0,0
ALCOHOL 70 SPRAY EWE,Sanitas,https://www.alfabeta.net/precio/alcohol-70-spray-ewe.html,0,0
ALCOHOL EN GEL EWE,Sanitas,https://www.alfabeta.net/precio/alcohol-en-gel-ewe.html,0,0
ALCOHOL EN GEL EWE C/BOMBA,Sanitas,https://www.alfabeta.net/precio/alcohol-en-gel-ewe-cbomba.html,0,0
ALCOHOL EN GEL EWE REP. S/BOMBA,Sanitas,https://www.alfabeta.net/precio/alcohol-en-gel-ewe-rep-sbomba.html,0,0
ALCOHOL EN GEL GEZZI,E. J. Gezzi,https://www.alfabeta.net/precio/alcohol-en-gel-gezzi.html,0,0
ALCOHOL EN SPRAY GEZZI,E. J. Gezzi,https://www.alfabeta.net/precio/alcohol-en-spray-gezzi.html,0,0
ALCON ATROPINA 1%,Alcon,https://www.alfabeta.net/precio/alcon-atropina-1.html,0,0
ALCON LAGRIMAS,Alcon,https://www.alfabeta.net/precio/alcon-lagrimas.html,0,0
ALCON LAGRIMAS II,Alcon,https://www.alfabeta.net/precio/alcon-lagrimas-ii.html,0,0
ALCON MYDRIL,Alcon,https://www.alfabeta.net/precio/alcon-mydril.html,0,0
ALDACTONE A,Pfizer,https://www.alfabeta.net/precio/aldactone-a.html,0,0
ALDACTONE D 25/20,Pfizer,https://www.alfabeta.net/precio/aldactone-d-2520.html,0,0
ALDACTONE D 25/40,Pfizer,https://www.alfabeta.net/precio/aldactone-d-2540.html,0,0
ALDACTONE EP 25 MG,Aspen Pharma,https://www.alfabeta.net/precio/aldactone-ep-25-mg.html,0,0
ALDOMET,Aspen Pharma,https://www.alfabeta.net/precio/aldomet.html,0,0
ALECENSA,Roche,https://www.alfabeta.net/precio/alecensa.html,0,0
ALEFDONA,Alef Medical Argentina,https://www.alfabeta.net/precio/alefdona.html,0,0
ALELI,Laboratorios Bernabó,https://www.alfabeta.net/precio/aleli.html,0,0
ALENATO,Siegfried,https://www.alfabeta.net/precio/alenato.html,0,0
ALENTAL,Soubeiran Chobet,https://www.alfabeta.net/precio/alental.html,0,0
ALENYS,GlaxoSmithKline Biopharma,https://www.alfabeta.net/precio/alenys.html,0,0
ALEPSAL,Ariston,https://www.alfabeta.net/precio/alepsal.html,0,0
ALERCAS,Casasco,https://www.alfabeta.net/precio/alercas.html,0,0
ALERCAS CORT,Casasco,https://www.alfabeta.net/precio/alercas-cort.html,0,0
ALERCAS D,Casasco,https://www.alfabeta.net/precio/alercas-d.html,0,0
ALERFEDINE,Lazar,https://www.alfabeta.net/precio/alerfedine.html,0,0
ALERFEDINE D,Lazar,https://www.alfabeta.net/precio/alerfedine-d.html,0,0
ALERGIANO,Microsules Arg.,https://www.alfabeta.net/precio/alergiano.html,0,0
ALERGITRAT,Fecofar,https://www.alfabeta.net/precio/alergitrat.html,0,0
ALERGITRAT C,Fecofar,https://www.alfabeta.net/precio/alergitrat-c.html,0,0
ALERGITRAT L,Fecofar,https://www.alfabeta.net/precio/alergitrat-l.html,0,0
ALERGITRAT L CAPSULAS BLANDAS,Fecofar,https://www.alfabeta.net/precio/alergitrat-l-capsulas-blandas.html,0,0
ALERMINA,Genomma Lab.,https://www.alfabeta.net/precio/alermina.html,0,0
ALERMUC,Laboratorio Millet,https://www.alfabeta.net/precio/alermuc.html,0,0
ALERNIX 24 RAPIDA ACCION,Elea,https://www.alfabeta.net/precio/alernix-24-rapida-accion.html,0,0
ALERNIX SPRAY,Elea,https://www.alfabeta.net/precio/alernix-spray.html,0,0
ALERNIX SPRAY ADVANCE,Elea,https://www.alfabeta.net/precio/alernix-spray-advance.html,0,0
ALERPRIV,Montpellier,https://www.alfabeta.net/precio/alerpriv.html,0,0
ALERPRIV D,Montpellier,https://www.alfabeta.net/precio/alerpriv-d.html,0,0
ALERTIAL,Baliarda,https://www.alfabeta.net/precio/alertial.html,0,0
ALERVITAN,Montpellier,https://www.alfabeta.net/precio/alervitan.html,0,0
ALFABASE,Cassará,https://www.alfabeta.net/precio/alfabase.html,0,0
ALFABASE 8,Cassará,https://www.alfabeta.net/precio/alfabase-8.html,0,0
ALFACORT,Cassará,https://www.alfabeta.net/precio/alfacort.html,0,0
ALFADIMAN,Lazar,https://www.alfabeta.net/precio/alfadiman.html,0,0
ALFAMINO,Nestle,https://www.alfabeta.net/precio/alfamino.html,0,0
ALFARE,Nestle,https://www.alfabeta.net/precio/alfare.html,0,0
ALFAXIN 100,Bagó,https://www.alfabeta.net/precio/alfaxin-100.html,0,0
ALFAXIN 50,Bagó,https://www.alfabeta.net/precio/alfaxin-50.html,0,0
ALFICETIN,Siegfried,https://www.alfabeta.net/precio/alficetin.html,0,0
ALGEDOL,Gobbi,https://www.alfabeta.net/precio/algedol.html,0,0
ALGICLER,Monserrat,https://www.alfabeta.net/precio/algicler.html,0,0
ALGICLER FLEX,Monserrat,https://www.alfabeta.net/precio/algicler-flex.html,0,0
ALGICLER GEL DERMICO,Monserrat,https://www.alfabeta.net/precio/algicler-gel-dermico.html,0,0
ALGICUR,Casasco,https://www.alfabeta.net/precio/algicur.html,0,0
ALGINOPROX,Omicron,https://www.alfabeta.net/precio/alginoprox.html,0,0
ALGIODENT COLUTORIO,Ronnet,https://www.alfabeta.net/precio/algiodent-colutorio.html,0,0
ALGISPRAY,Casasco,https://www.alfabeta.net/precio/algispray.html,0,0
ALGISTOP ALERGIA,ISA,https://www.alfabeta.net/precio/algistop-alergia.html,0,0
ALGLUTAMIN,Rivero,https://www.alfabeta.net/precio/alglutamin.html,0,0
ALHEMO,Novo Nordisk,https://www.alfabeta.net/precio/alhemo.html,0,0
ALIDASE,Laboratorios Bernabó,https://www.alfabeta.net/precio/alidase.html,0,0
ALIDASE 500,Laboratorios Bernabó,https://www.alfabeta.net/precio/alidase-500.html,0,0
ALIDIAL,Siegfried,https://www.alfabeta.net/precio/alidial.html,0,0
ALIDIAL L,Siegfried,https://www.alfabeta.net/precio/alidial-l.html,0,0
ALIKAL,Haleon Argentina,https://www.alfabeta.net/precio/alikal.html,0,0
ALIKAL LIMON,Haleon Argentina,https://www.alfabeta.net/precio/alikal-limon.html,0,0
ALIKAL NARANJA,Haleon Argentina,https://www.alfabeta.net/precio/alikal-naranja.html,0,0
ALIN,Lazar,https://www.alfabeta.net/precio/alin.html,0,0
ALIPAS,Laboratorios Bernabó,https://www.alfabeta.net/precio/alipas.html,0,0
ALIPAS DUO,Laboratorios Bernabó,https://www.alfabeta.net/precio/alipas-duo.html,0,0
ALIVIAFLEB,Denver Farma,https://www.alfabeta.net/precio/aliviafleb.html,0,0
ALIVIALUX,Denver Farma,https://www.alfabeta.net/precio/alivialux.html,0,0
ALIVIAMAX,Denver Farma,https://www.alfabeta.net/precio/aliviamax.html,0,0
ALIVIAPRES,Denver Farma,https://www.alfabeta.net/precio/aliviapres.html,0,0
ALIVIATOS,Denver Farma,https://www.alfabeta.net/precio/aliviatos.html,0,0
ALKET,Max Vision,https://www.alfabeta.net/precio/alket.html,0,0
ALLEGRA,Opella Healthcare Arg.,https://www.alfabeta.net/precio/allegra.html,0,0
ALLENASAL,Opella Healthcare Arg.,https://www.alfabeta.net/precio/allenasal.html,0,0
ALLERHIT,Laboratorio Merlino,https://www.alfabeta.net/precio/allerhit.html,0,0
ALLOPURINOL 100 CRAVERI,Craveri,https://www.alfabeta.net/precio/allopurinol-100-craveri.html,0,0
ALLOPURINOL 300 CRAVERI,Craveri,https://www.alfabeta.net/precio/allopurinol-300-craveri.html,0,0
ALLOPURINOL CRAVERI RETARD,Craveri,https://www.alfabeta.net/precio/allopurinol-craveri-retard.html,0,0
ALLOPURINOL FABRA 300,Fabra,https://www.alfabeta.net/precio/allopurinol-fabra-300.html,0,0
ALLOPURINOL GADOR,Gador,https://www.alfabeta.net/precio/allopurinol-gador.html,0,0
ALLOPURINOL HEXAL 300,Siegfried,https://www.alfabeta.net/precio/allopurinol-hexal-300.html,0,0
ALLOPURINOL HOUDE,Ariston,https://www.alfabeta.net/precio/allopurinol-houde.html,0,0
ALMAXIMO,Savant Consumer,https://www.alfabeta.net/precio/almaximo.html,0,0
ALMAXIMO 36,Savant Consumer,https://www.alfabeta.net/precio/almaximo-36.html,0,0
ALMAXIMO MASTICABLE,Savant Consumer,https://www.alfabeta.net/precio/almaximo-masticable.html,0,0
ALOE VERA A.M.,A.M. Farma Activ,https://www.alfabeta.net/precio/aloe-vera-am.html,0,0
ALOEBEL CORPORAL,Fortbenton,https://www.alfabeta.net/precio/aloebel-corporal.html,0,0
ALOEBEL LIP BALM,Fortbenton,https://www.alfabeta.net/precio/aloebel-lip-balm.html,0,0
ALOEBEL LIPMALBEX,Fortbenton,https://www.alfabeta.net/precio/aloebel-lipmalbex.html,0,0
ALOEBEL REDENSIFICANTE,Fortbenton,https://www.alfabeta.net/precio/aloebel-redensificante.html,0,0
ALOEBEL RETINOL,Fortbenton,https://www.alfabeta.net/precio/aloebel-retinol.html,0,0
ALOEBEL UREA 10%,Fortbenton,https://www.alfabeta.net/precio/aloebel-urea-10.html,0,0
ALOSOL,Max Vision,https://www.alfabeta.net/precio/alosol.html,0,0
ALPERTAN,Adium,https://www.alfabeta.net/precio/alpertan.html,0,0
ALPERTAN D,Adium,https://www.alfabeta.net/precio/alpertan-d.html,0,0
ALPHAGAN,Abbvie,https://www.alfabeta.net/precio/alphagan.html,0,0
ALPHAGAN P,Abbvie,https://www.alfabeta.net/precio/alphagan-p.html,0,0
ALPLAX,Gador,https://www.alfabeta.net/precio/alplax.html,0,0
ALPLAX DIGEST,Gador,https://www.alfabeta.net/precio/alplax-digest.html,0,0
ALPLAX NET,Gador,https://www.alfabeta.net/precio/alplax-net.html,0,0
ALPLAX XR,Gador,https://www.alfabeta.net/precio/alplax-xr.html,0,0
ALPRAZOL,Casasco,https://www.alfabeta.net/precio/alprazol.html,0,0
ALPRAZOLAM DENVER FARMA,Denver Farma,https://www.alfabeta.net/precio/alprazolam-denver-farma.html,0,0
ALPRAZOLAM LABSA,Labsa,https://www.alfabeta.net/precio/alprazolam-labsa.html,0,0
ALPRAZOLAM MICROSULES,Microsules Arg.,https://www.alfabeta.net/precio/alprazolam-microsules.html,0,0
ALPRIM,Biotechno Pharma,https://www.alfabeta.net/precio/alprim.html,0,0
ALPROSTADIL GRAY,Gray,https://www.alfabeta.net/precio/alprostadil-gray.html,0,0
ALPROSTADIL RICHET,Richet,https://www.alfabeta.net/precio/alprostadil-richet.html,0,0
ALSAVIN ONE,VSA Alta Complejidad,https://www.alfabeta.net/precio/alsavin-one.html,0,0
ALSEL,Lab Internacional Argentino,https://www.alfabeta.net/precio/alsel.html,0,0
ALTERNA,Abbott Nutricion,https://www.alfabeta.net/precio/alterna.html,0,0
ALTERNA PEPTIDO,Abbott Nutricion,https://www.alfabeta.net/precio/alterna-peptido.html,0,0
ALTERPURE,Eurofarma,https://www.alfabeta.net/precio/alterpure.html,0,0
ALUDROX II,Omicron,https://www.alfabeta.net/precio/aludrox-ii.html,0,0
ALUMPAK,Siegfried,https://www.alfabeta.net/precio/alumpak.html,0,0
ALUNBRIG,Takeda Argentina S.A.,https://www.alfabeta.net/precio/alunbrig.html,0,0
ALUNBRIG TRAT.INICIAL,Takeda Argentina S.A.,https://www.alfabeta.net/precio/alunbrig-tratinicial.html,0,0
ALUXANTIB,Eczane,https://www.alfabeta.net/precio/aluxantib.html,0,0
ALVEOTEROL,Finadiet,https://www.alfabeta.net/precio/alveoterol.html,0,0
ALVEOXINA 1M,Finadiet,https://www.alfabeta.net/precio/alveoxina-1m.html,0,0
ALVEOXINA 2M,Finadiet,https://www.alfabeta.net/precio/alveoxina-2m.html,0,0
ALVERIN,Craveri,https://www.alfabeta.net/precio/alverin.html,0,0
ALVETIDE,Elea,https://www.alfabeta.net/precio/alvetide.html,0,0
ALZATEN,Ariston,https://www.alfabeta.net/precio/alzaten.html,0,0
ALZATEN DISGRELENT,Ariston,https://www.alfabeta.net/precio/alzaten-disgrelent.html,0,0
ALZEPRAL,Lazar,https://www.alfabeta.net/precio/alzepral.html,0,0
ALZETIX,Gador,https://www.alfabeta.net/precio/alzetix.html,0,0
AMALOX,Biotechno Pharma,https://www.alfabeta.net/precio/amalox.html,0,0
AMAPOLI,Laboratorios Bernabó,https://www.alfabeta.net/precio/amapoli.html,0,0
AMARYL,Sanofi-Aventis,https://www.alfabeta.net/precio/amaryl.html,0,0
AMBIFUL,Celnova Argentina,https://www.alfabeta.net/precio/ambiful.html,0,0
AMBISOME,Gador,https://www.alfabeta.net/precio/ambisome.html,0,0
AMBRIL,Elea,https://www.alfabeta.net/precio/ambril.html,0,0
AMBRISENEX 10,Finadiet,https://www.alfabeta.net/precio/ambrisenex-10.html,0,0
AMBRISENEX 5,Finadiet,https://www.alfabeta.net/precio/ambrisenex-5.html,0,0
AMENITE A,Amenite,https://www.alfabeta.net/precio/amenite-a.html,0,0
AMENITE ACNE,Amenite,https://www.alfabeta.net/precio/amenite-acne.html,0,0
AMENITE CAP,Amenite,https://www.alfabeta.net/precio/amenite-cap.html,0,0
AMENITE CORP,Amenite,https://www.alfabeta.net/precio/amenite-corp.html,0,0
AMENITE DOUCE,Amenite,https://www.alfabeta.net/precio/amenite-douce.html,0,0
AMENITE E,Amenite,https://www.alfabeta.net/precio/amenite-e.html,0,0
AMENITE HL,Amenite,https://www.alfabeta.net/precio/amenite-hl.html,0,0
AMENITE PLUS,Amenite,https://www.alfabeta.net/precio/amenite-plus.html,0,0
AMENITE RENOVADOR CAPILAR,Amenite,https://www.alfabeta.net/precio/amenite-renovador-capilar.html,0,0
AMENITE VERA,Amenite,https://www.alfabeta.net/precio/amenite-vera.html,0,0
AMENITE VIE,Amenite,https://www.alfabeta.net/precio/amenite-vie.html,0,0
AMGEVITA,Amgen,https://www.alfabeta.net/precio/amgevita.html,0,0
AMICACINA DRAWER,Drawer,https://www.alfabeta.net/precio/amicacina-drawer.html,0,0
AMICACINA NORTHIA,Northia,https://www.alfabeta.net/precio/amicacina-northia.html,0,0
AMICUS KIT-AFERESIS MNC-DOBLE AGUJA,Fresenius Kabi,https://www.alfabeta.net/precio/amicus-kit-aferesis-mnc-doble-aguja.html,0,0
AMICUS KIT-PLAQUETOFERESIS FC SN W/PAS LUER,Fresenius Kabi,https://www.alfabeta.net/precio/amicus-kit-plaquetoferesis-fc-sn-wpas-luer.html,0,0
AMICUS KIT-PLASMAFERESIS THE,Fresenius Kabi,https://www.alfabeta.net/precio/amicus-kit-plasmaferesis-the.html,0,0
AMIKA PUMP SET VARIOLINE ENFIT UNIVERSAL,Fresenius Kabi,https://www.alfabeta.net/precio/amika-pump-set-varioline-enfit-universal.html,0,0
AMIKACINA,Veinfar,https://www.alfabeta.net/precio/amikacina.html,0,0
AMIKACINA KLONAL,Klonal,https://www.alfabeta.net/precio/amikacina-klonal.html,0,0
AMIKACINA RICHET,Richet,https://www.alfabeta.net/precio/amikacina-richet.html,0,0
AMILIX,Biosidus S.A.U.,https://www.alfabeta.net/precio/amilix.html,0,0
AMINET,Casasco,https://www.alfabeta.net/precio/aminet.html,0,0
AMINO 4500 ENA,Laboratorio ENA,https://www.alfabeta.net/precio/amino-4500-ena.html,0,0
AMINO MUJER,Lafarmen,https://www.alfabeta.net/precio/amino-mujer.html,0,0
AMINOACIDO 2000 LAFARMEN,Lafarmen,https://www.alfabeta.net/precio/aminoacido-2000-lafarmen.html,0,0
AMINOACIDOS TEINGRO,Teingro,https://www.alfabeta.net/precio/aminoacidos-teingro.html,0,0
AMINOACIDOS TOTALES,PGN,https://www.alfabeta.net/precio/aminoacidos-totales.html,0,0
AMINOACIDOS VITAL A.M.,A.M. Farma Activ,https://www.alfabeta.net/precio/aminoacidos-vital-am.html,0,0
AMINOCREM,Savant Consumer,https://www.alfabeta.net/precio/aminocrem.html,0,0
AMINOCUP,Dr. Madaus,https://www.alfabeta.net/precio/aminocup.html,0,0
AMINOGLU GLUTAMINA PURA,Framingham Pharma,https://www.alfabeta.net/precio/aminoglu-glutamina-pura.html,0,0
AMINOMED,B-Life,https://www.alfabeta.net/precio/aminomed.html,0,0
AMINOMUX,Gador,https://www.alfabeta.net/precio/aminomux.html,0,0
AMINOPLASMAL 10%,B. Braun,https://www.alfabeta.net/precio/aminoplasmal-10.html,0,0
AMINOTERAPIA,Megalabs Argentina,https://www.alfabeta.net/precio/aminoterapia.html,0,0
AMINOTERAPIA ADVANCED,Megalabs Argentina,https://www.alfabeta.net/precio/aminoterapia-advanced.html,0,0
AMINOTERAPIA ADVANCED SHAMPOO,Megalabs Argentina,https://www.alfabeta.net/precio/aminoterapia-advanced-shampoo.html,0,0
AMINOTERAPIA CAPILAR,Megalabs Argentina,https://www.alfabeta.net/precio/aminoterapia-capilar.html,0,0
AMINOVEN 10%,Fresenius Kabi,https://www.alfabeta.net/precio/aminoven-10.html,0,0
AMINOVEN 10% INFANT,Fresenius Kabi,https://www.alfabeta.net/precio/aminoven-10-infant.html,0,0
AMINOVEN 15%,Fresenius Kabi,https://www.alfabeta.net/precio/aminoven-15.html,0,0
AMINOXIDIN SULBACTAM,Fada Pharma,https://www.alfabeta.net/precio/aminoxidin-sulbactam.html,0,0
AMIOCAR,Klonal,https://www.alfabeta.net/precio/amiocar.html,0,0
AMIODARONA LARJAN,Veinfar,https://www.alfabeta.net/precio/amiodarona-larjan.html,0,0
AMIODARONA NORTHIA,Northia,https://www.alfabeta.net/precio/amiodarona-northia.html,0,0
AMIPTRIL,Rospaw,https://www.alfabeta.net/precio/amiptril.html,0,0
AMITAX,Bagó,https://www.alfabeta.net/precio/amitax.html,0,0
AMITIE,Vannier,https://www.alfabeta.net/precio/amitie.html,0,0
AMITRIPTILINA CEVALLOS,Laboratorios Frasca,https://www.alfabeta.net/precio/amitriptilina-cevallos.html,0,0
AMITRIPTILINA LUAR,Química Luar,https://www.alfabeta.net/precio/amitriptilina-luar.html,0,0
AMIXEN,Laboratorios Bernabó,https://www.alfabeta.net/precio/amixen.html,0,0
AMIXEN AC,Laboratorios Bernabó,https://www.alfabeta.net/precio/amixen-ac.html,0,0
AMIXEN CLAVULANICO,Laboratorios Bernabó,https://www.alfabeta.net/precio/amixen-clavulanico.html,0,0
AMIXEN CLAVULANICO 1 G,Laboratorios Bernabó,https://www.alfabeta.net/precio/amixen-clavulanico-1-g.html,0,0
AMIXEN DUO,Laboratorios Bernabó,https://www.alfabeta.net/precio/amixen-duo.html,0,0
AMIXEN PLUS,Laboratorios Bernabó,https://www.alfabeta.net/precio/amixen-plus.html,0,0
AMLOC,Aspen Pharma,https://www.alfabeta.net/precio/amloc.html,0,0
AMLOC ODT,Aspen Pharma,https://www.alfabeta.net/precio/amloc-odt.html,0,0
AMLODICORD 10,Géminis Farmacéutica,https://www.alfabeta.net/precio/amlodicord-10.html,0,0
AMLODICORD 5,Géminis Farmacéutica,https://www.alfabeta.net/precio/amlodicord-5.html,0,0
AMLODIPINA RICHET,Richet,https://www.alfabeta.net/precio/amlodipina-richet.html,0,0
AMLODIPINA VANNIER,Vannier,https://www.alfabeta.net/precio/amlodipina-vannier.html,0,0
AMLODISANE,Eczane,https://www.alfabeta.net/precio/amlodisane.html,0,0
AMLOPAW,Rospaw,https://www.alfabeta.net/precio/amlopaw.html,0,0
AMLOTENS,Klonal,https://www.alfabeta.net/precio/amlotens.html,0,0
AMOCLAV DUO,Casasco,https://www.alfabeta.net/precio/amoclav-duo.html,0,0
AMOCLAV SE,Casasco,https://www.alfabeta.net/precio/amoclav-se.html,0,0
AMODORMIN,Omicron,https://www.alfabeta.net/precio/amodormin.html,0,0
AMODORMIN VL,Omicron,https://www.alfabeta.net/precio/amodormin-vl.html,0,0
AMOPE EXFOLIADOR ELECTRONICO P/PIES,Reckitt Benckiser,https://www.alfabeta.net/precio/amope-exfoliador-electronico-ppies.html,0,0
AMOPE LIJAS GIRATORIAS REFILL,Reckitt Benckiser,https://www.alfabeta.net/precio/amope-lijas-giratorias-refill.html,0,0
AMOX-G,Klonal,https://www.alfabeta.net/precio/amox-g.html,0,0
AMOX-G DUO,Klonal,https://www.alfabeta.net/precio/amox-g-duo.html,0,0
AMOXI 250 MAR,Mar,https://www.alfabeta.net/precio/amoxi-250-mar.html,0,0
AMOXI 500 MAR,Mar,https://www.alfabeta.net/precio/amoxi-500-mar.html,0,0
AMOXI DUO MAR,Mar,https://www.alfabeta.net/precio/amoxi-duo-mar.html,0,0
AMOXI PLUS MAR,Mar,https://www.alfabeta.net/precio/amoxi-plus-mar.html,0,0
AMOXICILINA CLAVULANICO 7:1 RICHET,Richet,https://www.alfabeta.net/precio/amoxicilina-clavulanico-71-richet.html,0,0
AMOXICILINA CLAVULANICO FORTE RICHET,Richet,https://www.alfabeta.net/precio/amoxicilina-clavulanico-forte-richet.html,0,0
AMOXICILINA CLAVULANICO RICHET,Richet,https://www.alfabeta.net/precio/amoxicilina-clavulanico-richet.html,0,0
AMOXICILINA FECOFAR,Fecofar,https://www.alfabeta.net/precio/amoxicilina-fecofar.html,0,0
AMOXICILINA FECOFAR DUO,Fecofar,https://www.alfabeta.net/precio/amoxicilina-fecofar-duo.html,0,0
AMOXICILINA LAFEDAR,Lafedar,https://www.alfabeta.net/precio/amoxicilina-lafedar.html,0,0
AMOXICILINA RICHET,Richet,https://www.alfabeta.net/precio/amoxicilina-richet.html,0,0
AMOXICILINA RICHET DUO,Richet,https://www.alfabeta.net/precio/amoxicilina-richet-duo.html,0,0
AMOXICILINA SANT GALL FRIBURG,Sant Gall,https://www.alfabeta.net/precio/amoxicilina-sant-gall-friburg.html,0,0
AMOXICILINA SULBACTAM RICHET,Richet,https://www.alfabeta.net/precio/amoxicilina-sulbactam-richet.html,0,0
AMOXICLER 500,Monserrat,https://www.alfabeta.net/precio/amoxicler-500.html,0,0
AMOXIDAL,Roemmers,https://www.alfabeta.net/precio/amoxidal.html,0,0
AMOXIDAL DUO,Roemmers,https://www.alfabeta.net/precio/amoxidal-duo.html,0,0
AMOXIDAL DUO MUC,Roemmers,https://www.alfabeta.net/precio/amoxidal-duo-muc.html,0,0
AMOXIDAL RESPIRATORIO,Roemmers,https://www.alfabeta.net/precio/amoxidal-respiratorio.html,0,0
AMOXIDAL RESPIRATORIO DUO,Roemmers,https://www.alfabeta.net/precio/amoxidal-respiratorio-duo.html,0,0
AMOXITENK,Biotenk,https://www.alfabeta.net/precio/amoxitenk.html,0,0
AMOXITENK PLUS 1 GR,Biotenk,https://www.alfabeta.net/precio/amoxitenk-plus-1-gr.html,0,0
AMOXITRAL,Austral,https://www.alfabeta.net/precio/amoxitral.html,0,0
AMOXITRAL,Lepetit,https://www.alfabeta.net/precio/amoxitral.html,0,0
AMOXOL 1000,Medisol,https://www.alfabeta.net/precio/amoxol-1000.html,0,0
AMOXOL 1000,Sanitas,https://www.alfabeta.net/precio/amoxol-1000.html,0,0
AMOXOL 500,Cassará,https://www.alfabeta.net/precio/amoxol-500.html,0,0
AMOXOL 500,Medisol,https://www.alfabeta.net/precio/amoxol-500.html,0,0
AMOXOL DUO,Cassará,https://www.alfabeta.net/precio/amoxol-duo.html,0,0
AMPAKINE,Rontag,https://www.alfabeta.net/precio/ampakine.html,0,0
AMPI BIS,Northia,https://www.alfabeta.net/precio/ampi-bis.html,0,0
AMPI BIS PLUS,Northia,https://www.alfabeta.net/precio/ampi-bis-plus.html,0,0
AMPICILINA,Veinfar,https://www.alfabeta.net/precio/ampicilina.html,0,0
AMPICILINA + SULBACTAM DRAWER,Drawer,https://www.alfabeta.net/precio/ampicilina--sulbactam-drawer.html,0,0
AMPICILINA DRAWER,Drawer,https://www.alfabeta.net/precio/ampicilina-drawer.html,0,0
AMPICILINA GEMEPE,Gemepe,https://www.alfabeta.net/precio/ampicilina-gemepe.html,0,0
AMPICILINA PHARMAVIAL,IBC,https://www.alfabeta.net/precio/ampicilina-pharmavial.html,0,0
AMPICILINA RICHET,Richet,https://www.alfabeta.net/precio/ampicilina-richet.html,0,0
AMPICILINA SULBACTAM GEMEPE,Gemepe,https://www.alfabeta.net/precio/ampicilina-sulbactam-gemepe.html,0,0
AMPICILINA SULBACTAM MORGAN,Kilab,https://www.alfabeta.net/precio/ampicilina-sulbactam-morgan.html,0,0
AMPICILINA SULBACTAM PHARMAVIAL,IBC,https://www.alfabeta.net/precio/ampicilina-sulbactam-pharmavial.html,0,0
AMPICILINA SULBACTAM VEINFAR,Veinfar,https://www.alfabeta.net/precio/ampicilina-sulbactam-veinfar.html,0,0
AMPIGEN,Fabra,https://www.alfabeta.net/precio/ampigen.html,0,0
AMPIGEN SB,Fabra,https://www.alfabeta.net/precio/ampigen-sb.html,0,0
AMPK,Framingham Pharma,https://www.alfabeta.net/precio/ampk.html,0,0
AMPK CREATINA HCL ORIGINAL,Framingham Pharma,https://www.alfabeta.net/precio/ampk-creatina-hcl-original.html,0,0
AMPK NUTRI VEGAN PROTEIN,Framingham Pharma,https://www.alfabeta.net/precio/ampk-nutri-vegan-protein.html,0,0
AMPK SPORT CREATINA,Framingham Pharma,https://www.alfabeta.net/precio/ampk-sport-creatina.html,0,0
AMPLIAR,Casasco,https://www.alfabeta.net/precio/ampliar.html,0,0
AMPLIAR DUO,Casasco,https://www.alfabeta.net/precio/ampliar-duo.html,0,0
AMPLIAR PLUS,Casasco,https://www.alfabeta.net/precio/ampliar-plus.html,0,0
AMPLUS,Savant Consumer,https://www.alfabeta.net/precio/amplus.html,0,0
AMSALYO,Eczane,https://www.alfabeta.net/precio/amsalyo.html,0,0
AMUCHINA 100%,Iraola,https://www.alfabeta.net/precio/amuchina-100.html,0,0
AMZE,Richmond,https://www.alfabeta.net/precio/amze.html,0,0
AMZIAX,Soubeiran Chobet,https://www.alfabeta.net/precio/amziax.html,0,0
ANA-Q,Ariston,https://www.alfabeta.net/precio/ana-q.html,0,0
ANAFLEX,Bagó,https://www.alfabeta.net/precio/anaflex.html,0,0
ANAFLEX PLUS RAPIDA ACCION,Bagó,https://www.alfabeta.net/precio/anaflex-plus-rapida-accion.html,0,0
ANAFRANIL,Biosidus S.A.U.,https://www.alfabeta.net/precio/anafranil.html,0,0
ANAFRANIL 75 DIVITABS,Biosidus S.A.U.,https://www.alfabeta.net/precio/anafranil-75-divitabs.html,0,0
ANAGEN 5%,Cassará,https://www.alfabeta.net/precio/anagen-5.html,0,0
ANALERG,Rontag,https://www.alfabeta.net/precio/analerg.html,0,0
ANALGINA,Lafedar,https://www.alfabeta.net/precio/analgina.html,0,0
ANALMORPH,Gray,https://www.alfabeta.net/precio/analmorph.html,0,0
ANASKEBIR,Aspen,https://www.alfabeta.net/precio/anaskebir.html,0,0
ANASTRADEX,Bioprofarma Bagó,https://www.alfabeta.net/precio/anastradex.html,0,0
ANASTROZOL ECZANE,Eczane,https://www.alfabeta.net/precio/anastrozol-eczane.html,0,0
ANASTROZOL GLENMARK,Glenmark,https://www.alfabeta.net/precio/anastrozol-glenmark.html,0,0
ANASTROZOL GP PHARM,Filaxis Farmacéutica,https://www.alfabeta.net/precio/anastrozol-gp-pharm.html,0,0
ANASTROZOL KEMEX,Kemex,https://www.alfabeta.net/precio/anastrozol-kemex.html,0,0
ANASTROZOL MICROSULES,Microsules Arg.,https://www.alfabeta.net/precio/anastrozol-microsules.html,0,0
ANASTROZOL TECHSPERE,Techsphere,https://www.alfabeta.net/precio/anastrozol-techspere.html,0,0
ANASTROZOL VARIFARMA,Varifarma,https://www.alfabeta.net/precio/anastrozol-varifarma.html,0,0
ANDERTIL,Baliarda,https://www.alfabeta.net/precio/andertil.html,0,0
ANDINO GOTAS,PGN,https://www.alfabeta.net/precio/andino-gotas.html,0,0
ANDRIN,Casasco,https://www.alfabeta.net/precio/andrin.html,0,0
ANDRIODERMA,Andrómaco,https://www.alfabeta.net/precio/andrioderma.html,0,0
ANDROLONE,Beta,https://www.alfabeta.net/precio/androlone.html,0,0
ANDROPEL,Fortbenton,https://www.alfabeta.net/precio/andropel.html,0,0
ANDROSTAT,Bioprofarma Bagó,https://www.alfabeta.net/precio/androstat.html,0,0
ANEBOL,Gador,https://www.alfabeta.net/precio/anebol.html,0,0
ANELKA,Gador,https://www.alfabeta.net/precio/anelka.html,0,0
ANEMIDOX,Elea,https://www.alfabeta.net/precio/anemidox.html,0,0
ANEMIDOX FERRUM,Elea,https://www.alfabeta.net/precio/anemidox-ferrum.html,0,0
ANEMIDOX ULTRA,Elea,https://www.alfabeta.net/precio/anemidox-ultra.html,0,0
ANESTALCON,Alcon,https://www.alfabeta.net/precio/anestalcon.html,0,0
ANESTEX,Klonal,https://www.alfabeta.net/precio/anestex.html,0,0
ANEXA,Microsules Arg.,https://www.alfabeta.net/precio/anexa.html,0,0
ANFOLIC,Trb-Pharma,https://www.alfabeta.net/precio/anfolic.html,0,0
ANFONAX,Varifarma,https://www.alfabeta.net/precio/anfonax.html,0,0
ANFOTAR LIPOSOMAL,Gemabiotech,https://www.alfabeta.net/precio/anfotar-liposomal.html,0,0
ANFOTERICINA B FADA,Fada Pharma,https://www.alfabeta.net/precio/anfotericina-b-fada.html,0,0
ANFOTERICINA B NORTHIA,Northia,https://www.alfabeta.net/precio/anfotericina-b-northia.html,0,0
ANFOTERICINA RICHET,Richet,https://www.alfabeta.net/precio/anfotericina-richet.html,0,0
ANGINETAS,Fucus,https://www.alfabeta.net/precio/anginetas.html,0,0
ANGINETAS CARAMELOS,Fucus,https://www.alfabeta.net/precio/anginetas-caramelos.html,0,0
ANGINOTRAT,Megalabs Argentina,https://www.alfabeta.net/precio/anginotrat.html,0,0
ANGIOFILINA,Fabra,https://www.alfabeta.net/precio/angiofilina.html,0,0
ANGIOVEZ,Bagó,https://www.alfabeta.net/precio/angiovez.html,0,0
ANIDUSTATERA,Jayor,https://www.alfabeta.net/precio/anidustatera.html,0,0
ANIL,Lazar,https://www.alfabeta.net/precio/anil.html,0,0
ANILAR,Megalabs Argentina,https://www.alfabeta.net/precio/anilar.html,0,0
ANILLOS PLA. DE HIDROC. ADAPT 48 MM,Hollister,https://www.alfabeta.net/precio/anillos-pla-de-hidroc-adapt-48-mm.html,0,0
ANILLOS PLA. DE HIDROC. ADAPT 96 MM,Hollister,https://www.alfabeta.net/precio/anillos-pla-de-hidroc-adapt-96-mm.html,0,0
ANILLOS PLA. DE HIDROC. ADAPT CONV.,Hollister,https://www.alfabeta.net/precio/anillos-pla-de-hidroc-adapt-conv.html,0,0
ANILLOS PLA. DE HIDROC. ADAPT CONV.OV,Hollister,https://www.alfabeta.net/precio/anillos-pla-de-hidroc-adapt-convov.html,0,0
ANILLOS PLA. DE HIDROC. CERARINGS,Hollister,https://www.alfabeta.net/precio/anillos-pla-de-hidroc-cerarings.html,0,0
ANIMEX-ON,Laboratorios Bernabó,https://www.alfabeta.net/precio/animex-on.html,0,0
ANORO ELLIPTA,GlaxoSmithKline Biopharma,https://www.alfabeta.net/precio/anoro-ellipta.html,0,0
ANSIELIX DIGEST,Craveri,https://www.alfabeta.net/precio/ansielix-digest.html,0,0
ANTIBIOCORT,Biosintex,https://www.alfabeta.net/precio/antibiocort.html,0,0
ANTIBLOC 12.5,Craveri,https://www.alfabeta.net/precio/antibloc-125.html,0,0
ANTIBLOC 25,Craveri,https://www.alfabeta.net/precio/antibloc-25.html,0,0
ANTIBLOC 6.25,Craveri,https://www.alfabeta.net/precio/antibloc-625.html,0,0
ANTIHEMORROIDAL DENVER FARMA,Denver Farma,https://www.alfabeta.net/precio/antihemorroidal-denver-farma.html,0,0
ANTIHEMORROIDAL GEZZI PLUS,E. J. Gezzi,https://www.alfabeta.net/precio/antihemorroidal-gezzi-plus.html,0,0
ANTILERG,Max Vision,https://www.alfabeta.net/precio/antilerg.html,0,0
ANTIMICON,Casasco,https://www.alfabeta.net/precio/antimicon.html,0,0
ANTIMICOTICO LAURIA PIEL,Laboratorio Merlino,https://www.alfabeta.net/precio/antimicotico-lauria-piel.html,0,0
ANTIMICOTICO LAURIA UÑAS,Laboratorio Merlino,https://www.alfabeta.net/precio/antimicotico-lauria-unas.html,0,0
ANTIOXIDANTE +40 NUTRICEUTIC,Eurolab,https://www.alfabeta.net/precio/antioxidante-40-nutriceutic.html,0,0
ANTIOXIDANTE LAFARMEN,Lafarmen,https://www.alfabeta.net/precio/antioxidante-lafarmen.html,0,0
ANTIOXIDANTE VITAL A.M.,A.M. Farma Activ,https://www.alfabeta.net/precio/antioxidante-vital-am.html,0,0
ANTIPLAQ,Richmond,https://www.alfabeta.net/precio/antiplaq.html,0,0
ANTIPRESOL,Fecofar,https://www.alfabeta.net/precio/antipresol.html,0,0
ANTIPRESOL A,Fecofar,https://www.alfabeta.net/precio/antipresol-a.html,0,0
ANTIPRESOL A 100,Fecofar,https://www.alfabeta.net/precio/antipresol-a-100.html,0,0
ANTIPRESOL D,Fecofar,https://www.alfabeta.net/precio/antipresol-d.html,0,0
ANTITROM,Lazar,https://www.alfabeta.net/precio/antitrom.html,0,0
ANTITROMBINA III UNC,Hemoderivados,https://www.alfabeta.net/precio/antitrombina-iii-unc.html,0,0
ANTITUSIVO FORTE LABSA,Labsa,https://www.alfabeta.net/precio/antitusivo-forte-labsa.html,0,0
ANTITUSIVO L LABSA,Labsa,https://www.alfabeta.net/precio/antitusivo-l-labsa.html,0,0
ANTITUSIVO LABSA,Labsa,https://www.alfabeta.net/precio/antitusivo-labsa.html,0,0
ANTIXAN,Bioprofarma Bagó,https://www.alfabeta.net/precio/antixan.html,0,0
ANTORIL,Tuteur,https://www.alfabeta.net/precio/antoril.html,0,0
ANUAR,Siegfried,https://www.alfabeta.net/precio/anuar.html,0,0
ANUBIS,Siegfried,https://www.alfabeta.net/precio/anubis.html,0,0
ANUSOL DUO,Elea,https://www.alfabeta.net/precio/anusol-duo.html,0,0
ANUSOL DUO S,Elea,https://www.alfabeta.net/precio/anusol-duo-s.html,0,0
AOSEPT PLUS CON HYDRAGLYDE,Alcon,https://www.alfabeta.net/precio/aosept-plus-con-hydraglyde.html,0,0
APARZO,Eczane,https://www.alfabeta.net/precio/aparzo.html,0,0
APASMO,Laboratorio Millet,https://www.alfabeta.net/precio/apasmo.html,0,0
APASMO COMPUESTO,Laboratorio Millet,https://www.alfabeta.net/precio/apasmo-compuesto.html,0,0
APATRIX 30,Adium,https://www.alfabeta.net/precio/apatrix-30.html,0,0
APATRIX 60,Adium,https://www.alfabeta.net/precio/apatrix-60.html,0,0
APECUR,Rospaw,https://www.alfabeta.net/precio/apecur.html,0,0
APHERESIS KIT SN 2 PLT X6R8882,Fresenius Kabi,https://www.alfabeta.net/precio/apheresis-kit-sn-2-plt-x6r8882.html,0,0
APITENA,Nolter,https://www.alfabeta.net/precio/apitena.html,0,0
APLACASSE,Siegfried,https://www.alfabeta.net/precio/aplacasse.html,0,0
APOCALIPSIS,Fortbenton,https://www.alfabeta.net/precio/apocalipsis.html,0,0
APOFARM,E. J. Gezzi,https://www.alfabeta.net/precio/apofarm.html,0,0
APOKINON,Celnova Argentina,https://www.alfabeta.net/precio/apokinon.html,0,0
APOKINON STYLO,Celnova Argentina,https://www.alfabeta.net/precio/apokinon-stylo.html,0,0
APOSITO ALG. DE CAL. 10X10 CM REST.,Hollister,https://www.alfabeta.net/precio/aposito-alg-de-cal-10x10-cm-rest.html,0,0
APOSITO ALG. DE CAL. 10X20 CM REST.,Hollister,https://www.alfabeta.net/precio/aposito-alg-de-cal-10x20-cm-rest.html,0,0
APOSITO ALG. DE CAL. 30.5 CM REST.,Hollister,https://www.alfabeta.net/precio/aposito-alg-de-cal-305-cm-rest.html,0,0
APPLIX PUMP SET VARIOLINE ENFIT UNIVERSAL,Fresenius Kabi,https://www.alfabeta.net/precio/applix-pump-set-varioline-enfit-universal.html,0,0
APREMAX,Elea,https://www.alfabeta.net/precio/apremax.html,0,0
APRENTICE,Francelab,https://www.alfabeta.net/precio/aprentice.html,0,0
APRIL,Gador,https://www.alfabeta.net/precio/april.html,0,0
APRIL 28,Gador,https://www.alfabeta.net/precio/april-28.html,0,0
APROTEN ARROZ,B-Life,https://www.alfabeta.net/precio/aproten-arroz.html,0,0
APROTEN BIZCOCHOS,B-Life,https://www.alfabeta.net/precio/aproten-bizcochos.html,0,0
APROTEN FETAS TOSTADAS,B-Life,https://www.alfabeta.net/precio/aproten-fetas-tostadas.html,0,0
APROTEN FUSILE,B-Life,https://www.alfabeta.net/precio/aproten-fusile.html,0,0
APROTEN GRISSINI,B-Life,https://www.alfabeta.net/precio/aproten-grissini.html,0,0
APROTEN HARINA,B-Life,https://www.alfabeta.net/precio/aproten-harina.html,0,0
APROTEN OBLEAS,B-Life,https://www.alfabeta.net/precio/aproten-obleas.html,0,0
APROTEN PAN BIZCOCHADO,B-Life,https://www.alfabeta.net/precio/aproten-pan-bizcochado.html,0,0
APROTEN PENNE,B-Life,https://www.alfabeta.net/precio/aproten-penne.html,0,0
APROTEN RIGATINI,B-Life,https://www.alfabeta.net/precio/aproten-rigatini.html,0,0
APROTEN SPAGUETTI,B-Life,https://www.alfabeta.net/precio/aproten-spaguetti.html,0,0
APROTEN TAGLIATELLE,B-Life,https://www.alfabeta.net/precio/aproten-tagliatelle.html,0,0
APROVASC,Sanofi-Aventis,https://www.alfabeta.net/precio/aprovasc.html,0,0
APROVEL 150,Sanofi-Aventis,https://www.alfabeta.net/precio/aprovel-150.html,0,0
APROVEL 300,Sanofi-Aventis,https://www.alfabeta.net/precio/aprovel-300.html,0,0
APSICO,Megalabs Argentina,https://www.alfabeta.net/precio/apsico.html,0,0
AQUACEL AG FOAM NO ADHESIVO 10X10 CM,Convatec,https://www.alfabeta.net/precio/aquacel-ag-foam-no-adhesivo-10x10-cm.html,0,0
AQUACEL AG SURGICAL 9X10 APOSITO ESTERIL,Convatec,https://www.alfabeta.net/precio/aquacel-ag-surgical-9x10-aposito-esteril.html,0,0
AQUACEL AG SURGICAL 9X15 APOSITO ESTERIL,Convatec,https://www.alfabeta.net/precio/aquacel-ag-surgical-9x15-aposito-esteril.html,0,0
AQUACEL AG SURGICAL 9X25 APOSITO ESTERIL,Convatec,https://www.alfabeta.net/precio/aquacel-ag-surgical-9x25-aposito-esteril.html,0,0
AQUACEL AG SURGICAL 9X5 APOSITO ESTERIL,Convatec,https://www.alfabeta.net/precio/aquacel-ag-surgical-9x5-aposito-esteril.html,0,0
AQUACEL AG+EXTRA 10X10 ANTIBIOFILM,Convatec,https://www.alfabeta.net/precio/aquacel-agextra-10x10-antibiofilm.html,0,0
AQUACEL AG+EXTRA 15X15 ANTIBIOFILM,Convatec,https://www.alfabeta.net/precio/aquacel-agextra-15x15-antibiofilm.html,0,0
AQUACEL AG+EXTRA 20X30 ANTIBIOFILM,Convatec,https://www.alfabeta.net/precio/aquacel-agextra-20x30-antibiofilm.html,0,0
AQUACEL AG+EXTRA MECHA 2X45 CM ANTIBIOFILM,Convatec,https://www.alfabeta.net/precio/aquacel-agextra-mecha-2x45-cm-antibiofilm.html,0,0
AQUACEL EXTRA 10X10 CM DOBLE HIDROFIBRA,Convatec,https://www.alfabeta.net/precio/aquacel-extra-10x10-cm-doble-hidrofibra.html,0,0
AQUACEL EXTRA 15X15 CM DOBLE HIDROFIBRA,Convatec,https://www.alfabeta.net/precio/aquacel-extra-15x15-cm-doble-hidrofibra.html,0,0
AQUACEL FOAM ADHESIVO 10X10 CM,Convatec,https://www.alfabeta.net/precio/aquacel-foam-adhesivo-10x10-cm.html,0,0
AQUACEL FOAM ADHESIVO 12.5X12.5 CM ESPUMA,Convatec,https://www.alfabeta.net/precio/aquacel-foam-adhesivo-125x125-cm-espuma.html,0,0
AQUACEL FOAM NO ADHESIVO 10X10 CM,Convatec,https://www.alfabeta.net/precio/aquacel-foam-no-adhesivo-10x10-cm.html,0,0
AQUACEL FOAM NO ADHESIVO 15X15 CM,Convatec,https://www.alfabeta.net/precio/aquacel-foam-no-adhesivo-15x15-cm.html,0,0
AQUACEL FOAM PRO 10X10 CM 5 CAPAS,Convatec,https://www.alfabeta.net/precio/aquacel-foam-pro-10x10-cm-5-capas.html,0,0
AQUACEL FOAM PRO SACRAL 20X16.9 CM 5 CAPAS,Convatec,https://www.alfabeta.net/precio/aquacel-foam-pro-sacral-20x169-cm-5-capas.html,0,0
AQUACEL FOAM PRO TALON MULTI 19.8X14 CM,Convatec,https://www.alfabeta.net/precio/aquacel-foam-pro-talon-multi-198x14-cm.html,0,0
AQUALANE,Laboratorios Farmacoop,https://www.alfabeta.net/precio/aqualane.html,0,0
AQUATOP,Megalabs Argentina,https://www.alfabeta.net/precio/aquatop.html,0,0
AQUIPTA,Abbvie,https://www.alfabeta.net/precio/aquipta.html,0,0
ARAMIX,Elea,https://www.alfabeta.net/precio/aramix.html,0,0
ARANDANO + VITAMINA C,Lafarmen,https://www.alfabeta.net/precio/arandano--vitamina-c.html,0,0
ARANDANO AZUL,Provefarma,https://www.alfabeta.net/precio/arandano-azul.html,0,0
ARANDANO LAFARMEN,Lafarmen,https://www.alfabeta.net/precio/arandano-lafarmen.html,0,0
ARANDANO ROJO URO,Provefarma,https://www.alfabeta.net/precio/arandano-rojo-uro.html,0,0
ARANDANO URY VITAMIN WAY,Pharmamerican S.R.L.,https://www.alfabeta.net/precio/arandano-ury-vitamin-way.html,0,0
ARANDANO+CENTELLA VITAL A.M.,A.M. Farma Activ,https://www.alfabeta.net/precio/arandanocentella-vital-am.html,0,0
ARANDANO+SPIRULINA VITAL A.M.,A.M. Farma Activ,https://www.alfabeta.net/precio/arandanospirulina-vital-am.html,0,0
ARANDANOS,Innovapharma,https://www.alfabeta.net/precio/arandanos.html,0,0
ARAPENTIN,Ariston,https://www.alfabeta.net/precio/arapentin.html,0,0
ARATOPIC,Lafedar,https://www.alfabeta.net/precio/aratopic.html,0,0
ARCELIGASOL,E. J. Gezzi,https://www.alfabeta.net/precio/arceligasol.html,0,0
ARCELIGASOL REDUCTORA,E. J. Gezzi,https://www.alfabeta.net/precio/arceligasol-reductora.html,0,0
ARCOXIA,Organon Arg.,https://www.alfabeta.net/precio/arcoxia.html,0,0
ARECAMIN,Northia,https://www.alfabeta.net/precio/arecamin.html,0,0
ARENDAL,Teva Argentina,https://www.alfabeta.net/precio/arendal.html,0,0
AREXVY,GlaxoSmithKline Biopharma,https://www.alfabeta.net/precio/arexvy.html,0,0
ARGEFLOX,Siegfried,https://www.alfabeta.net/precio/argeflox.html,0,0
ARGININA,Provefarma,https://www.alfabeta.net/precio/arginina.html,0,0
ARGININA NUTRICEUTIC,Eurolab,https://www.alfabeta.net/precio/arginina-nutriceutic.html,0,0
ARGIRELINE,Sempre Giovane,https://www.alfabeta.net/precio/argireline.html,0,0
ARGOCIAN,Biol,https://www.alfabeta.net/precio/argocian.html,0,0
ARIA,Jayor,https://www.alfabeta.net/precio/aria.html,0,0
ARIA GLUCÓMETRO KIT,Jayor,https://www.alfabeta.net/precio/aria-glucometro-kit.html,0,0
ARIFLENAC FORTE,Ariston,https://www.alfabeta.net/precio/ariflenac-forte.html,0,0
ARIGASTRIL 30,Ariston,https://www.alfabeta.net/precio/arigastril-30.html,0,0
ARIGASTRIL 60,Ariston,https://www.alfabeta.net/precio/arigastril-60.html,0,0
ARILD,Eczane,https://www.alfabeta.net/precio/arild.html,0,0
ARIMIDEX,AstraZeneca,https://www.alfabeta.net/precio/arimidex.html,0,0
ARINOVA,Celnova Argentina,https://www.alfabeta.net/precio/arinova.html,0,0
ARIPIPRAZOL 10 VANNIER,Vannier,https://www.alfabeta.net/precio/aripiprazol-10-vannier.html,0,0
ARIPIPRAZOL 15 VANNIER,Vannier,https://www.alfabeta.net/precio/aripiprazol-15-vannier.html,0,0
ARIPIPRAZOL 20 VANNIER,Vannier,https://www.alfabeta.net/precio/aripiprazol-20-vannier.html,0,0
ARIPIPRAZOL 5 VANNIER,Vannier,https://www.alfabeta.net/precio/aripiprazol-5-vannier.html,0,0
ARISDAR,Ariston,https://www.alfabeta.net/precio/arisdar.html,0,0
ARISTALOE,Neo-Dermos,https://www.alfabeta.net/precio/aristaloe.html,0,0
ARIXTRA,Aspen Pharma,https://www.alfabeta.net/precio/arixtra.html,0,0
ARIZIC,Adium,https://www.alfabeta.net/precio/arizic.html,0,0
ARKUS,Gador,https://www.alfabeta.net/precio/arkus.html,0,0
ARLEMIDE,Rontag,https://www.alfabeta.net/precio/arlemide.html,0,0
ARLEVERT,Celnova Argentina,https://www.alfabeta.net/precio/arlevert.html,0,0
ARLYT CLEAN,Poen,https://www.alfabeta.net/precio/arlyt-clean.html,0,0
ARLYT CLEAN RGP,Poen,https://www.alfabeta.net/precio/arlyt-clean-rgp.html,0,0
ARLYT EXPRESS,Poen,https://www.alfabeta.net/precio/arlyt-express.html,0,0
ARLYT FILL,Poen,https://www.alfabeta.net/precio/arlyt-fill.html,0,0
ARLYT FRESH,Poen,https://www.alfabeta.net/precio/arlyt-fresh.html,0,0
ARLYT KLINNER,Poen,https://www.alfabeta.net/precio/arlyt-klinner.html,0,0
ARLYT LUBRICANTE,Poen,https://www.alfabeta.net/precio/arlyt-lubricante.html,0,0
ARLYT PREMIUM,Poen,https://www.alfabeta.net/precio/arlyt-premium.html,0,0
ARLYT RGP,Poen,https://www.alfabeta.net/precio/arlyt-rgp.html,0,0
ARLYT SOLUCION SALINA,Poen,https://www.alfabeta.net/precio/arlyt-solucion-salina.html,0,0
ARMIXA,Richmond,https://www.alfabeta.net/precio/armixa.html,0,0
ARMONIL NOCHE,Elea,https://www.alfabeta.net/precio/armonil-noche.html,0,0
ARMONIL NOCHE LIBERACION PROLONGADA,Elea,https://www.alfabeta.net/precio/armonil-noche-liberacion-prolongada.html,0,0
ARMONIL SEDANTE,Elea,https://www.alfabeta.net/precio/armonil-sedante.html,0,0
ARNICA CBD OIL,Dr. Madaus,https://www.alfabeta.net/precio/arnica-cbd-oil.html,0,0
ARNICA GASANA,Gasana,https://www.alfabeta.net/precio/arnica-gasana.html,0,0
ARNICA GEL,Dr. Madaus,https://www.alfabeta.net/precio/arnica-gel.html,0,0
ARNICA GEL LAURIA,Laboratorio Merlino,https://www.alfabeta.net/precio/arnica-gel-lauria.html,0,0
ARNICA OIL,Dr. Madaus,https://www.alfabeta.net/precio/arnica-oil.html,0,0
ARNICA ROLLON,Dr. Madaus,https://www.alfabeta.net/precio/arnica-rollon.html,0,0
ARNOL 720-T,Cetus,https://www.alfabeta.net/precio/arnol-720-t.html,0,0
AROLTEX,Megalabs Argentina,https://www.alfabeta.net/precio/aroltex.html,0,0
AROMASIN,Pfizer,https://www.alfabeta.net/precio/aromasin.html,0,0
AROPAX,GlaxoSmithKline Biopharma,https://www.alfabeta.net/precio/aropax.html,0,0
AROTRAN,Ariston,https://www.alfabeta.net/precio/arotran.html,0,0
ARQUIMES,Microsules Arg.,https://www.alfabeta.net/precio/arquimes.html,0,0
ARRIBA,Natufarma,https://www.alfabeta.net/precio/arriba.html,0,0
ARRIVE 10,Microsules Arg.,https://www.alfabeta.net/precio/arrive-10.html,0,0
ARRIVE 5,Microsules Arg.,https://www.alfabeta.net/precio/arrive-5.html,0,0
ARTELAC,Bausch & Lomb Arg.,https://www.alfabeta.net/precio/artelac.html,0,0
ARTELAC COMPLETE MULTIDOSIS,Bausch & Lomb Arg.,https://www.alfabeta.net/precio/artelac-complete-multidosis.html,0,0
ARTELAC COMPLETE SPRAY,Bausch & Lomb Arg.,https://www.alfabeta.net/precio/artelac-complete-spray.html,0,0
ARTELAC LIPIDS,Bausch & Lomb Arg.,https://www.alfabeta.net/precio/artelac-lipids.html,0,0
ARTELAC REBALANCE,Bausch & Lomb Arg.,https://www.alfabeta.net/precio/artelac-rebalance.html,0,0
ARTELAC SPLASH MULTIDOSIS,Bausch & Lomb Arg.,https://www.alfabeta.net/precio/artelac-splash-multidosis.html,0,0
ARTERIOSAN,Laboratorios Bernabó,https://www.alfabeta.net/precio/arteriosan.html,0,0
ARTERIOSAN COMPUESTO,Laboratorios Bernabó,https://www.alfabeta.net/precio/arteriosan-compuesto.html,0,0
ARTERIOSAN PLUS,Laboratorios Bernabó,https://www.alfabeta.net/precio/arteriosan-plus.html,0,0
ARTFLEX,Teva Argentina,https://www.alfabeta.net/precio/artflex.html,0,0
ARTHRODONT,Pierre Fabre Oral Care,https://www.alfabeta.net/precio/arthrodont.html,0,0
ARTINOVO,Bagó,https://www.alfabeta.net/precio/artinovo.html,0,0
ARTOMEY,Teva Argentina,https://www.alfabeta.net/precio/artomey.html,0,0
ARTOMEY DUO 10/10,Teva Argentina,https://www.alfabeta.net/precio/artomey-duo-1010.html,0,0
ARTOMEY DUO 20/10,Teva Argentina,https://www.alfabeta.net/precio/artomey-duo-2010.html,0,0
ARTOMEY DUO 5/10,Teva Argentina,https://www.alfabeta.net/precio/artomey-duo-510.html,0,0
ARTOMEY PLUS 10/10,Teva Argentina,https://www.alfabeta.net/precio/artomey-plus-1010.html,0,0
ARTOMEY PLUS 20/10,Teva Argentina,https://www.alfabeta.net/precio/artomey-plus-2010.html,0,0
ARTOMEY PLUS 5/10,Teva Argentina,https://www.alfabeta.net/precio/artomey-plus-510.html,0,0
ARTRAIT,Trb-Pharma,https://www.alfabeta.net/precio/artrait.html,0,0
ARTRAIT SC,Trb-Pharma,https://www.alfabeta.net/precio/artrait-sc.html,0,0
ARTREX RETARD,Ariston,https://www.alfabeta.net/precio/artrex-retard.html,0,0
ARTRICARE,Elea,https://www.alfabeta.net/precio/artricare.html,0,0
ARTRIMAX,PGN,https://www.alfabeta.net/precio/artrimax.html,0,0
ARTRO RED,Siegfried,https://www.alfabeta.net/precio/artro-red.html,0,0
ARTROACTIVE,Eurolab,https://www.alfabeta.net/precio/artroactive.html,0,0
ARTRODAR,Trb-Pharma,https://www.alfabeta.net/precio/artrodar.html,0,0
ARTRODAR GLUCO,Trb-Pharma,https://www.alfabeta.net/precio/artrodar-gluco.html,0,0
ARTROSIL,Trb-Pharma,https://www.alfabeta.net/precio/artrosil.html,0,0
ARTROSIL CBD,Trb-Pharma,https://www.alfabeta.net/precio/artrosil-cbd.html,0,0
ARTROSTOP ARNICA,Formulab,https://www.alfabeta.net/precio/artrostop-arnica.html,0,0
ARTROSTOP CALAMBRES,Formulab,https://www.alfabeta.net/precio/artrostop-calambres.html,0,0
ARTROSTOP CALAMBRES SIN AZUCAR,Formulab,https://www.alfabeta.net/precio/artrostop-calambres-sin-azucar.html,0,0
ARTROSTOP CODOS RODILLAS Y TALONES,Formulab,https://www.alfabeta.net/precio/artrostop-codos-rodillas-y-talones.html,0,0
ARTROSTOP COLAGENO,Formulab,https://www.alfabeta.net/precio/artrostop-colageno.html,0,0
ARTROSTOP DEFENSE SIN AZÚCAR,Formulab,https://www.alfabeta.net/precio/artrostop-defense-sin-azucar.html,0,0
ARTROSTOP ENERGY,Formulab,https://www.alfabeta.net/precio/artrostop-energy.html,0,0
ARTROSTOP FORTE CALIENTE,Excelentia,https://www.alfabeta.net/precio/artrostop-forte-caliente.html,0,0
ARTROSTOP GEL NUEVO,Excelentia,https://www.alfabeta.net/precio/artrostop-gel-nuevo.html,0,0
ARTROSTOP GEL ROLL-ON,Excelentia,https://www.alfabeta.net/precio/artrostop-gel-roll-on.html,0,0
ARTROSTOP MANOS,Excelentia,https://www.alfabeta.net/precio/artrostop-manos.html,0,0
ARTROSTOP MEMORY,Formulab,https://www.alfabeta.net/precio/artrostop-memory.html,0,0
ARTROSTOP SUPER ALOE,Formulab,https://www.alfabeta.net/precio/artrostop-super-aloe.html,0,0
ARTROSTOP T CALIENTE,Excelentia,https://www.alfabeta.net/precio/artrostop-t-caliente.html,0,0
ARVAC,Cassará,https://www.alfabeta.net/precio/arvac.html,0,0
ARVO,Elea,https://www.alfabeta.net/precio/arvo.html,0,0
ARZIMOL,Lazar,https://www.alfabeta.net/precio/arzimol.html,0,0
ARZIMOL B,Lazar,https://www.alfabeta.net/precio/arzimol-b.html,0,0
ARZOMICIN,Lafedar,https://www.alfabeta.net/precio/arzomicin.html,0,0
ARÁNDANOS NATULIV,Laboratorio ENA,https://www.alfabeta.net/precio/arandanos-natuliv.html,0,0
ASEPLUS ALCOHOL EN GEL,Laboratorio Merlino,https://www.alfabeta.net/precio/aseplus-alcohol-en-gel.html,0,0
ASEPLUS INCOLORO,Laboratorio Merlino,https://www.alfabeta.net/precio/aseplus-incoloro.html,0,0
ASEPLUS IODOPOVIDONA,Laboratorio Merlino,https://www.alfabeta.net/precio/aseplus-iodopovidona.html,0,0
ASEPLUS JABON ANTIBACTERIAL,Laboratorio Merlino,https://www.alfabeta.net/precio/aseplus-jabon-antibacterial.html,0,0
ASEPLUS SOLUCIÓN SANITIZANTE,Laboratorio Merlino,https://www.alfabeta.net/precio/aseplus-solucion-sanitizante.html,0,0
ASEPTOBRON,Temis-Lostaló,https://www.alfabeta.net/precio/aseptobron.html,0,0
ASEPTOBRON ANTIGRIPAL FORTE,Temis-Lostaló,https://www.alfabeta.net/precio/aseptobron-antigripal-forte.html,0,0
ASEPTOBRON C PLUS,Temis-Lostaló,https://www.alfabeta.net/precio/aseptobron-c-plus.html,0,0
ASEPTOBRON INHALACIONES,Temis-Lostaló,https://www.alfabeta.net/precio/aseptobron-inhalaciones.html,0,0
ASEPXIA,Genomma Lab.,https://www.alfabeta.net/precio/asepxia.html,0,0
ASEPXIA ADAPALENO,Genomma Lab.,https://www.alfabeta.net/precio/asepxia-adapaleno.html,0,0
ASEPXIA CARBON,Genomma Lab.,https://www.alfabeta.net/precio/asepxia-carbon.html,0,0
ASEPXIA MAQUILLAJE,Genomma Lab.,https://www.alfabeta.net/precio/asepxia-maquillaje.html,0,0
ASERTRAL,Roemmers,https://www.alfabeta.net/precio/asertral.html,0,0
ASKINA BARRIER FILM,B. Braun,https://www.alfabeta.net/precio/askina-barrier-film.html,0,0
ASMABRON,Denver Farma,https://www.alfabeta.net/precio/asmabron.html,0,0
ASMAVITAN,Montpellier,https://www.alfabeta.net/precio/asmavitan.html,0,0
ASOLMICINA.DOX,Megalabs Argentina,https://www.alfabeta.net/precio/asolmicinadox.html,0,0
ASOTERON,Adium,https://www.alfabeta.net/precio/asoteron.html,0,0
